Crypto_Code,price,timestamp
BNB,580.2231522523169,2024-05-18 09:00:00
BNB,578.5771003079266,2024-05-18 08:00:00
BNB,580.3485445636933,2024-05-18 07:00:00
BNB,580.5633604393674,2024-05-18 06:00:00
BNB,581.890134050211,2024-05-18 05:00:00
BNB,581.8244534804918,2024-05-18 04:00:00
BNB,579.7005665407423,2024-05-18 03:00:00
BNB,579.5960139566284,2024-05-18 02:00:00
BNB,579.8456782584072,2024-05-18 01:00:00
BNB,581.5605519749872,2024-05-18 00:00:00
BNB,580.4544747700611,2024-05-17 23:00:00
BNB,580.1580129530968,2024-05-17 22:00:00
BNB,580.1274517948777,2024-05-17 21:00:00
BNB,580.6250741120992,2024-05-17 20:00:00
BNB,579.7604736020334,2024-05-17 19:00:00
BNB,579.9062992909527,2024-05-17 18:00:00
BNB,581.2494978834013,2024-05-17 17:00:00
BNB,583.1732101892975,2024-05-17 16:00:00
BNB,583.7475428927628,2024-05-17 15:00:00
BNB,576.9975770415784,2024-05-17 14:00:00
BNB,579.4478530310383,2024-05-17 13:00:00
BNB,578.1829503396037,2024-05-17 12:00:00
BNB,579.0740080266091,2024-05-17 11:00:00
BNB,577.0428593161389,2024-05-17 10:00:00
BNB,576.4574738476213,2024-05-17 09:00:00
BNB,579.0569922620859,2024-05-17 08:00:00
BNB,573.4548334122467,2024-05-17 07:00:00
BNB,571.3536523577534,2024-05-17 06:00:00
BNB,570.5423692446872,2024-05-17 05:00:00
BNB,571.7486085631515,2024-05-17 04:00:00
BNB,570.3466596621655,2024-05-17 03:00:00
BNB,570.3615455040065,2024-05-17 02:00:00
BNB,572.3512066515186,2024-05-17 01:00:00
BNB,568.8522644159884,2024-05-17 00:00:00
BNB,568.6360697685752,2024-05-16 23:00:00
BNB,569.6719676958464,2024-05-16 22:00:00
BNB,567.2998463826381,2024-05-16 21:00:00
BNB,567.3249270774982,2024-05-16 20:00:00
BNB,569.671139045295,2024-05-16 19:00:00
BNB,568.1926620072159,2024-05-16 18:00:00
BNB,585.8091595143093,2024-05-15 20:00:00
BNB,586.6724971122289,2024-05-15 19:00:00
BNB,581.7804358626582,2024-05-15 18:00:00
BNB,581.0453887931565,2024-05-15 17:00:00
BNB,579.480392079814,2024-05-15 16:00:00
BNB,579.3858607938581,2024-05-15 15:00:00
BNB,576.3638565327409,2024-05-15 14:00:00
BNB,574.1973252401451,2024-05-15 13:00:00
BNB,565.8901577646471,2024-05-15 12:00:00
BNB,567.914842304006,2024-05-15 11:00:00
BNB,569.8069037409487,2024-05-15 10:00:00
BNB,566.462305424514,2024-05-15 09:00:00
BNB,569.2241276074105,2024-05-15 08:00:00
BNB,569.4205390629547,2024-05-15 07:00:00
BNB,569.8937903906686,2024-05-15 06:00:00
BNB,569.2581322707225,2024-05-15 05:00:00
BNB,569.2884619395181,2024-05-15 04:00:00
BNB,566.4182009866194,2024-05-15 03:00:00
BNB,565.7413830351157,2024-05-15 02:00:00
BNB,562.8073442335273,2024-05-15 01:00:00
BNB,566.5437521662473,2024-05-15 00:00:00
BNB,565.4336425863157,2024-05-14 23:00:00
BNB,567.2805864013575,2024-05-14 22:00:00
BNB,567.2373443276275,2024-05-14 21:00:00
BNB,568.1876611456833,2024-05-14 20:00:00
BNB,574.5248632194738,2024-05-14 14:00:00
BNB,582.5266408453307,2024-05-14 13:00:00
BNB,585.8408840205084,2024-05-14 12:00:00
BNB,586.08211338098,2024-05-14 11:00:00
BNB,586.4482690880554,2024-05-14 10:00:00
BNB,587.6992230917838,2024-05-14 09:00:00
BNB,588.4004907154504,2024-05-14 08:00:00
BNB,587.2572365613681,2024-05-14 07:00:00
BNB,590.6277272995101,2024-05-14 06:00:00
BNB,590.1329143940173,2024-05-14 05:00:00
BNB,588.580914602935,2024-05-14 04:00:00
BNB,587.9918151207825,2024-05-14 03:00:00
BNB,589.1457436962306,2024-05-14 02:00:00
BNB,590.3548546462013,2024-05-14 01:00:00
BNB,591.4581396488946,2024-05-14 00:00:00
BNB,592.275326052725,2024-05-13 23:00:00
BNB,592.4282877525508,2024-05-13 22:00:00
BNB,594.9945056268722,2024-05-13 21:00:00
BNB,594.3874786751319,2024-05-13 20:00:00
BNB,593.4571006049194,2024-05-13 19:00:00
BNB,593.573588867416,2024-05-13 18:00:00
BNB,595.2036713128442,2024-05-13 17:00:00
BNB,595.2749822036354,2024-05-13 16:00:00
BNB,592.9575594951715,2024-05-13 15:00:00
BNB,596.2790040073834,2024-05-13 14:00:00
BNB,593.8175841905554,2024-05-11 22:00:00
BNB,593.6983737897173,2024-05-11 21:00:00
BNB,593.7715148278137,2024-05-11 20:00:00
BNB,592.5198637912874,2024-05-11 19:00:00
BNB,590.8471016744131,2024-05-11 18:00:00
BNB,589.530756364857,2024-05-11 17:00:00
BNB,592.3716339245332,2024-05-11 16:00:00
BNB,590.201158776658,2024-05-11 15:00:00
BNB,591.1999015717123,2024-05-11 14:00:00
BNB,589.2902166805895,2024-05-11 13:00:00
BNB,588.8737324989114,2024-05-11 12:00:00
BNB,587.6292254155954,2024-05-11 11:00:00
BNB,586.5914080310129,2024-05-11 10:00:00
BNB,586.6819301257705,2024-05-11 09:00:00
BNB,587.0873168394131,2024-05-11 08:00:00
BNB,586.0119835032393,2024-05-11 07:00:00
BNB,585.0449443666673,2024-05-11 06:00:00
BNB,583.2625792725311,2024-05-11 05:00:00
BNB,582.9909794146566,2024-05-11 04:00:00
BNB,583.376365697747,2024-05-11 03:00:00
BNB,587.5526473416083,2024-05-11 02:00:00
BNB,586.1512585967548,2024-05-11 01:00:00
BNB,584.9746487605421,2024-05-11 00:00:00
BNB,585.7366983276532,2024-05-10 23:00:00
BNB,587.2460593343769,2024-05-10 22:00:00
BNB,583.7965573196567,2024-05-10 21:00:00
BNB,586.2604706172062,2024-05-10 20:00:00
BNB,587.159471276516,2024-05-10 19:00:00
BNB,583.9456761968836,2024-05-10 18:00:00
BNB,587.3714648401625,2024-05-10 17:00:00
BNB,585.7464593426816,2024-05-10 16:00:00
BNB,586.5734775890779,2024-05-10 15:00:00
BNB,595.2803591179232,2024-05-10 14:00:00
BNB,594.8321694248617,2024-05-10 13:00:00
BNB,596.6303116570108,2024-05-10 12:00:00
BNB,593.9233864486903,2024-05-10 11:00:00
BNB,593.3976443643139,2024-05-10 10:00:00
BNB,594.0998510874607,2024-05-10 09:00:00
BNB,595.5266738145725,2024-05-10 08:00:00
BNB,595.5810183896645,2024-05-10 07:00:00
BNB,594.1975137809559,2024-05-10 06:00:00
BNB,593.8907325500198,2024-05-10 05:00:00
BNB,593.7817952573654,2024-05-10 04:00:00
BNB,591.2184238067427,2024-05-10 03:00:00
BNB,595.9002567372094,2024-05-10 02:00:00
BNB,595.5275624566883,2024-05-10 01:00:00
BNB,596.0399558994333,2024-05-10 00:00:00
BNB,599.6289204826015,2024-05-09 23:00:00
BNB,596.5284785656944,2024-05-09 22:00:00
BNB,596.9534950749884,2024-05-09 21:00:00
BNB,596.1032056763312,2024-05-09 20:00:00
BNB,594.9007902547296,2024-05-09 19:00:00
BNB,592.8350513044512,2024-05-09 18:00:00
BNB,590.7616920615014,2024-05-09 17:00:00
BNB,596.8269990892168,2024-05-09 16:00:00
BNB,597.4350555317662,2024-05-09 15:00:00
BNB,593.0010148176572,2024-05-09 14:00:00
BNB,595.4034485408445,2024-05-09 13:00:00
BNB,594.5332444913216,2024-05-09 12:00:00
BNB,589.5091325031457,2024-05-09 11:00:00
BNB,595.5851999754213,2024-05-09 10:00:00
BNB,598.9691681298126,2024-05-09 09:00:00
BNB,598.7703077588357,2024-05-09 08:00:00
BNB,599.4558124093619,2024-05-09 07:00:00
BNB,598.4320265689948,2024-05-09 06:00:00
BNB,595.2467051080155,2024-05-09 05:00:00
BNB,596.0200278518632,2024-05-09 04:00:00
BNB,598.3594501425362,2024-05-09 03:00:00
BNB,588.1907607355844,2024-05-09 02:00:00
BNB,588.283966709245,2024-05-09 01:00:00
BNB,588.4352935185597,2024-05-09 00:00:00
BNB,587.1106901712253,2024-05-08 23:00:00
BNB,586.3836556852915,2024-05-08 22:00:00
BNB,581.9225517269474,2024-05-08 21:00:00
BNB,587.8492899444401,2024-05-08 20:00:00
BNB,585.9539813661771,2024-05-08 19:00:00
BNB,584.650036110263,2024-05-08 18:00:00
BNB,584.0744603573502,2024-05-08 17:00:00
BNB,582.4697418364528,2024-05-08 16:00:00
BNB,585.9531046264308,2024-05-08 15:00:00
BNB,585.9609588871704,2024-05-08 14:00:00
BNB,583.0561717964302,2024-05-08 13:00:00
BNB,585.2786815605645,2024-05-08 12:00:00
BNB,584.3143073647427,2024-05-08 11:00:00
BNB,581.8110575727452,2024-05-08 10:00:00
BNB,579.7644401714862,2024-05-08 09:00:00
BNB,579.2923957960028,2024-05-08 08:00:00
BNB,584.937649909007,2024-05-08 07:00:00
BNB,584.2902261316142,2024-05-08 06:00:00
BNB,585.222216945587,2024-05-08 05:00:00
BNB,585.248816483966,2024-05-08 04:00:00
BNB,583.7703948952625,2024-05-08 03:00:00
BNB,579.8193593119087,2024-05-08 02:00:00
BNB,578.9920896230354,2024-05-08 01:00:00
BNB,577.4642804411998,2024-05-08 00:00:00
BNB,576.5482141036298,2024-05-07 23:00:00
BNB,581.5866769858021,2024-05-07 22:00:00
BNB,583.4040965357063,2024-05-07 21:00:00
BNB,585.2269291084447,2024-05-07 20:00:00
BNB,589.3899574138426,2024-05-07 19:00:00
BNB,592.2161123687321,2024-05-07 18:00:00
BNB,593.9880927646551,2024-05-07 17:00:00
BNB,593.7607896787066,2024-05-07 16:00:00
BNB,593.6335228939517,2024-05-07 15:00:00
BNB,589.0320119713157,2024-05-07 14:00:00
BNB,592.3275256786892,2024-05-07 13:00:00
BNB,593.5246211811788,2024-05-07 12:00:00
BNB,593.5749035004703,2024-05-07 11:00:00
BNB,594.144498730651,2024-05-07 10:00:00
BNB,594.1106510901823,2024-05-07 09:00:00
BNB,587.8426575144955,2024-05-07 08:00:00
BNB,586.7409878012634,2024-05-07 07:00:00
BNB,588.4953200285291,2024-05-07 06:00:00
BNB,588.4133496314878,2024-05-07 05:00:00
BNB,587.3086832285452,2024-05-07 04:00:00
BNB,592.0051929964166,2024-05-07 03:00:00
BNB,592.9014957673705,2024-05-07 02:00:00
BNB,589.78187828464,2024-05-07 01:00:00
BNB,588.072906631182,2024-05-07 00:00:00
BNB,590.7600242792605,2024-05-06 23:00:00
BNB,592.9298565548686,2024-05-06 22:00:00
BNB,590.1026582824686,2024-05-06 21:00:00
BNB,589.3574257892799,2024-05-06 20:00:00
BNB,590.0777069924989,2024-05-06 19:00:00
BNB,587.4952410083281,2024-05-06 18:00:00
BNB,587.430161864165,2024-05-06 17:00:00
BNB,590.0411190322901,2024-05-06 16:00:00
BNB,585.5215308306621,2024-05-06 15:00:00
BNB,590.3064208570346,2024-05-06 14:00:00
BNB,586.362431531766,2024-05-06 13:00:00
BNB,592.594843427199,2024-05-06 12:00:00
BNB,588.8591462532534,2024-05-06 11:00:00
BNB,597.3227379489509,2024-05-06 10:00:00
BNB,598.6750736524774,2024-05-06 09:00:00
BNB,595.5401363694857,2024-05-06 08:00:00
BNB,594.5224138751275,2024-05-06 07:00:00
BNB,593.73604422732,2024-05-06 06:00:00
BNB,592.4399100557088,2024-05-06 05:00:00
BNB,590.88748960737,2024-05-06 04:00:00
BNB,590.8442461082007,2024-05-06 03:00:00
BNB,593.007338477757,2024-05-06 02:00:00
BNB,594.1859262523691,2024-05-06 01:00:00
BNB,591.8801662765226,2024-05-06 00:00:00
BNB,589.827227062076,2024-05-05 23:00:00
BNB,590.7667829812455,2024-05-05 22:00:00
BNB,591.9445222043394,2024-05-05 21:00:00
BNB,592.6695174322564,2024-05-05 20:00:00
BNB,591.4033102290614,2024-05-05 19:00:00
BNB,592.0288811760649,2024-05-05 18:00:00
BNB,593.3627704228743,2024-05-05 17:00:00
BNB,593.3250187288841,2024-05-05 16:00:00
BNB,591.3570716514457,2024-05-05 15:00:00
BNB,588.0215388775297,2024-05-05 14:00:00
BNB,585.7977185289282,2024-05-05 13:00:00
BNB,586.4890303257791,2024-05-05 12:00:00
BNB,586.1555172671679,2024-05-05 11:00:00
BNB,587.720032111207,2024-05-05 10:00:00
BNB,586.8524013796668,2024-05-05 09:00:00
BNB,585.2119880151023,2024-05-05 08:00:00
BNB,583.710437502198,2024-05-05 07:00:00
BNB,581.1759005314996,2024-05-05 06:00:00
BNB,582.571822696846,2024-05-05 05:00:00
BNB,581.5107985231839,2024-05-05 04:00:00
BNB,582.1359796026618,2024-05-05 03:00:00
BNB,583.8323463040215,2024-05-05 02:00:00
BNB,585.1340753668527,2024-05-05 01:00:00
BNB,586.0577820771398,2024-05-05 00:00:00
BNB,585.5570307652408,2024-05-04 23:00:00
BNB,587.0328390004114,2024-05-04 22:00:00
BNB,589.1207220323927,2024-05-04 21:00:00
BNB,590.5254531920394,2024-05-04 20:00:00
BNB,589.0213540875014,2024-05-04 19:00:00
BNB,587.7800821157991,2024-05-04 18:00:00
BNB,590.2057795165701,2024-05-04 17:00:00
BNB,591.0074277298717,2024-05-04 16:00:00
BNB,591.5745404424628,2024-05-04 15:00:00
BNB,590.9165948373021,2024-05-04 14:00:00
BNB,591.3587687355009,2024-05-04 13:00:00
BNB,588.5088004642371,2024-05-04 12:00:00
BNB,593.251542776362,2024-05-04 11:00:00
BNB,585.0672171072466,2024-05-04 10:00:00
BNB,585.2822944690433,2024-05-04 09:00:00
BNB,584.4419714951363,2024-05-04 08:00:00
BNB,584.5026514314114,2024-05-04 07:00:00
BNB,586.1344409540288,2024-05-04 06:00:00
BNB,586.3302911464467,2024-05-04 05:00:00
BNB,584.4643527119033,2024-05-04 04:00:00
BNB,585.4073960429765,2024-05-04 03:00:00
BNB,585.6388382236137,2024-05-04 02:00:00
BNB,588.2732851134583,2024-05-04 01:00:00
BNB,587.1284318573031,2024-05-04 00:00:00
BNB,587.2081595613207,2024-05-03 23:00:00
BNB,585.2219084864164,2024-05-03 22:00:00
BNB,586.8744513477463,2024-05-03 21:00:00
BNB,581.3048892880712,2024-05-03 20:00:00
BNB,578.6380270416701,2024-05-03 19:00:00
BNB,581.4759573984601,2024-05-03 18:00:00
BNB,578.5883781588475,2024-05-03 17:00:00
BNB,578.2897764301938,2024-05-03 16:00:00
BNB,575.9242973809099,2024-05-03 15:00:00
BNB,578.8511872599526,2024-05-03 14:00:00
BNB,571.7737885440359,2024-05-03 13:00:00
BNB,565.836073889538,2024-05-03 12:00:00
BNB,562.6472472281886,2024-05-03 11:00:00
BNB,567.2169301442735,2024-05-03 10:00:00
BNB,565.3615457652747,2024-05-03 09:00:00
BNB,561.2002370301643,2024-05-03 08:00:00
BNB,561.7743658336641,2024-05-03 07:00:00
BNB,563.7348091854491,2024-05-03 06:00:00
BNB,564.928943122379,2024-05-03 05:00:00
BNB,566.0474418943224,2024-05-03 04:00:00
BNB,564.577421791693,2024-05-03 03:00:00
BNB,563.1463095814034,2024-05-03 02:00:00
BNB,559.6617002570646,2024-05-03 01:00:00
BNB,560.3917410551448,2024-05-03 00:00:00
BNB,562.4162640765614,2024-05-02 23:00:00
BNB,560.4323637931103,2024-05-02 22:00:00
BNB,558.6735468503771,2024-05-02 21:00:00
BNB,562.9901146486939,2024-05-02 20:00:00
BNB,563.8713634498274,2024-05-02 19:00:00
BNB,563.6261837400388,2024-05-02 18:00:00
BNB,561.697616480975,2024-05-02 17:00:00
BNB,564.6226403212173,2024-05-02 16:00:00
BNB,563.1839842597841,2024-05-02 15:00:00
BNB,557.6369255561671,2024-05-02 14:00:00
BNB,558.6792270657011,2024-05-02 13:00:00
BNB,561.5156280670232,2024-05-02 12:00:00
BNB,556.1325109198058,2024-05-02 11:00:00
BNB,554.3449534549209,2024-05-02 10:00:00
BNB,553.4012151551199,2024-05-02 09:00:00
BNB,549.5869738384725,2024-05-02 08:00:00
BNB,547.7979755930783,2024-05-02 07:00:00
BNB,547.2810316329792,2024-05-02 06:00:00
BNB,547.0881819952901,2024-05-02 05:00:00
BNB,547.8292579933249,2024-05-02 04:00:00
BNB,547.310447991339,2024-05-02 03:00:00
BNB,543.5071222581554,2024-05-02 02:00:00
BNB,557.4366184870173,2024-05-02 01:00:00
BNB,562.0571655985385,2024-05-02 00:00:00
BNB,558.5066099204554,2024-05-01 23:00:00
BNB,556.6561367602771,2024-05-01 22:00:00
BNB,554.9425511938451,2024-05-01 21:00:00
BNB,545.7216508970677,2024-05-01 20:00:00
BNB,562.0334594022033,2024-05-01 19:00:00
BNB,551.5825912195312,2024-05-01 18:00:00
BNB,546.5403189952534,2024-05-01 17:00:00
BNB,543.445924335682,2024-05-01 16:00:00
BNB,550.6952268680818,2024-05-01 15:00:00
BNB,548.299740656926,2024-05-01 14:00:00
BNB,551.5725994215386,2024-05-01 13:00:00
BNB,550.6240993185779,2024-05-01 12:00:00
BNB,551.0685697546245,2024-05-01 11:00:00
BNB,548.4369747767254,2024-05-01 10:00:00
BNB,545.8524847185117,2024-05-01 09:00:00
BNB,545.2886796145808,2024-05-01 08:00:00
BNB,562.673290673465,2024-05-01 07:00:00
BNB,568.6390438556324,2024-05-01 06:00:00
BNB,571.6499213147496,2024-05-01 05:00:00
BNB,574.3308232005409,2024-05-01 04:00:00
BNB,570.6727130962586,2024-05-01 03:00:00
BNB,571.3241842764618,2024-05-01 02:00:00
BNB,573.3008767000858,2024-05-01 01:00:00
BNB,577.103283588192,2024-05-01 00:00:00
BNB,577.0571461014691,2024-04-30 23:00:00
BNB,578.1592163045804,2024-04-30 22:00:00
BNB,574.4608661604342,2024-04-30 21:00:00
BNB,563.7089805246004,2024-04-30 20:00:00
BNB,569.2546339490552,2024-04-30 19:00:00
BNB,568.4431636167046,2024-04-30 18:00:00
BNB,564.0938634987878,2024-04-30 17:00:00
BNB,560.7634481451048,2024-04-30 16:00:00
BNB,565.0751050792697,2024-04-30 15:00:00
BNB,561.1719574164832,2024-04-30 14:00:00
BNB,568.1508471432937,2024-04-30 13:00:00
BNB,568.5270443629897,2024-04-30 12:00:00
BNB,581.5825883418825,2024-04-30 11:00:00
BNB,584.3300088689349,2024-04-30 10:00:00
BNB,587.2989073553424,2024-04-30 09:00:00
BNB,598.4457402459021,2024-04-30 08:00:00
BNB,601.270255687818,2024-04-30 07:00:00
BNB,600.479086640573,2024-04-30 06:00:00
BNB,596.5555029753859,2024-04-30 05:00:00
BNB,591.2607355287264,2024-04-30 04:00:00
BNB,594.1117110106784,2024-04-30 03:00:00
BNB,593.5837179842629,2024-04-30 02:00:00
BNB,602.2296375889757,2024-04-30 01:00:00
BNB,592.7292559848061,2024-04-30 00:00:00
BNB,594.9312167699701,2024-04-29 23:00:00
BNB,591.0768125437129,2024-04-29 22:00:00
BNB,591.58230399472,2024-04-29 21:00:00
BNB,590.4526101415105,2024-04-29 20:00:00
BNB,590.9916592363561,2024-04-29 19:00:00
BNB,592.1181087685233,2024-04-29 18:00:00
BNB,590.15840759711,2024-04-29 17:00:00
BNB,591.7988663723107,2024-04-29 16:00:00
BNB,589.9726892066849,2024-04-29 15:00:00
BNB,585.8492025129152,2024-04-29 14:00:00
BNB,589.3374154879506,2024-04-29 13:00:00
BNB,584.1448123075844,2024-04-29 12:00:00
BNB,586.6984870927827,2024-04-29 11:00:00
BNB,588.2239840798023,2024-04-29 10:00:00
BNB,586.3848310956143,2024-04-29 09:00:00
BNB,587.9825193972086,2024-04-29 08:00:00
BNB,585.0548356270773,2024-04-29 07:00:00
BNB,594.5453103087563,2024-04-29 06:00:00
BNB,595.3643146200692,2024-04-29 05:00:00
BNB,591.5516058908631,2024-04-29 04:00:00
BNB,594.8274625981975,2024-04-29 03:00:00
BNB,600.4657494889265,2024-04-29 02:00:00
BNB,600.5985437174345,2024-04-29 01:00:00
BNB,600.3946817171841,2024-04-29 00:00:00
BNB,600.4887612143414,2024-04-28 23:00:00
BNB,605.3225401886882,2024-04-28 22:00:00
BNB,606.6911557107101,2024-04-28 21:00:00
BNB,604.4637144429764,2024-04-28 20:00:00
BNB,605.7143440579923,2024-04-28 19:00:00
BNB,604.3378017651296,2024-04-28 18:00:00
BNB,603.8105280066692,2024-04-28 17:00:00
BNB,603.9212928302095,2024-04-28 16:00:00
BNB,605.99804173304,2024-04-28 15:00:00
BNB,603.4301417516241,2024-04-28 14:00:00
BNB,601.2405921107952,2024-04-28 13:00:00
BNB,602.4787306504064,2024-04-28 12:00:00
BNB,604.2388787656998,2024-04-28 11:00:00
BNB,602.468421120869,2024-04-28 10:00:00
BNB,599.8092628909457,2024-04-28 09:00:00
BNB,600.1215257352742,2024-04-28 08:00:00
BNB,599.3268504448865,2024-04-28 07:00:00
BNB,600.174930684522,2024-04-28 06:00:00
BNB,598.3719724641682,2024-04-28 05:00:00
BNB,599.8407509576635,2024-04-28 04:00:00
BNB,600.6265507149423,2024-04-28 03:00:00
BNB,597.9050187960723,2024-04-28 02:00:00
BNB,597.6406454424024,2024-04-28 01:00:00
BNB,595.4472911352603,2024-04-28 00:00:00
BNB,593.9842438748638,2024-04-27 23:00:00
BNB,595.433976499337,2024-04-27 22:00:00
BNB,595.0750056542571,2024-04-27 21:00:00
BNB,594.5256571212142,2024-04-27 20:00:00
BNB,593.0635639504002,2024-04-27 19:00:00
BNB,596.1128610192541,2024-04-27 18:00:00
BNB,588.1323727824168,2024-04-27 17:00:00
BNB,586.850343377085,2024-04-27 16:00:00
BNB,590.6727552695253,2024-04-27 15:00:00
BNB,591.2216696047192,2024-04-27 14:00:00
BNB,587.6794172490647,2024-04-27 13:00:00
BNB,587.8880438558969,2024-04-27 12:00:00
BNB,589.1893977544343,2024-04-27 11:00:00
BNB,594.1405243114933,2024-04-27 10:00:00
BNB,593.3860364367386,2024-04-27 09:00:00
BNB,593.6202673775816,2024-04-27 08:00:00
BNB,593.2462615492485,2024-04-27 07:00:00
BNB,592.3862725049322,2024-04-27 06:00:00
BNB,595.3049151687604,2024-04-27 05:00:00
BNB,594.6385329346298,2024-04-27 04:00:00
BNB,591.9725022069105,2024-04-27 03:00:00
BNB,586.6449473619788,2024-04-27 02:00:00
BNB,592.462882928271,2024-04-27 01:00:00
BNB,597.8845023659281,2024-04-27 00:00:00
BNB,598.3690176405088,2024-04-26 23:00:00
BNB,602.4360326666972,2024-04-26 22:00:00
BNB,601.745677648981,2024-04-26 21:00:00
BNB,603.2211374099954,2024-04-26 20:00:00
BNB,603.9672965101574,2024-04-26 19:00:00
BNB,604.1842747080781,2024-04-26 18:00:00
BNB,599.7346073126203,2024-04-26 17:00:00
BNB,599.3793386579629,2024-04-26 16:00:00
BNB,600.907043603176,2024-04-26 15:00:00
BNB,603.2728150305717,2024-04-26 14:00:00
BNB,601.8195209188827,2024-04-26 13:00:00
BNB,603.0699629605532,2024-04-26 12:00:00
BNB,602.6766052357161,2024-04-26 11:00:00
BNB,604.5385136275896,2024-04-26 10:00:00
BNB,608.1737633235458,2024-04-26 09:00:00
BNB,608.4807852668811,2024-04-26 08:00:00
BNB,608.7565336194905,2024-04-26 07:00:00
BNB,612.4735543212232,2024-04-26 06:00:00
BNB,608.3682430339177,2024-04-26 05:00:00
BNB,610.107994170599,2024-04-26 04:00:00
BNB,612.9498215413194,2024-04-26 03:00:00
BNB,611.9502002043046,2024-04-26 02:00:00
BNB,614.0313463876594,2024-04-26 01:00:00
BNB,614.3356381697101,2024-04-26 00:00:00
BNB,613.2214676683697,2024-04-25 23:00:00
BNB,613.1776199733182,2024-04-25 22:00:00
BNB,616.9682501851721,2024-04-25 21:00:00
BNB,616.4122072402033,2024-04-25 20:00:00
BNB,616.6186385163858,2024-04-25 19:00:00
BNB,613.4477964094723,2024-04-25 18:00:00
BNB,613.0050447419925,2024-04-25 17:00:00
BNB,611.3837068161966,2024-04-25 16:00:00
BNB,605.9450050671552,2024-04-25 15:00:00
BNB,607.4288957813467,2024-04-25 14:00:00
BNB,606.134392750082,2024-04-25 13:00:00
BNB,611.1516477600617,2024-04-25 12:00:00
BNB,605.6891657412868,2024-04-25 11:00:00
BNB,611.5544372904576,2024-04-25 10:00:00
BNB,608.4888766033965,2024-04-25 09:00:00
BNB,607.2728853244253,2024-04-25 08:00:00
BNB,607.5896670709353,2024-04-25 07:00:00
BNB,606.8672024937617,2024-04-25 06:00:00
BNB,606.5907538511917,2024-04-25 05:00:00
BNB,605.6552390534264,2024-04-25 04:00:00
BNB,606.1499909688547,2024-04-25 03:00:00
BNB,602.9288829435825,2024-04-25 02:00:00
BNB,606.4657974666163,2024-04-25 01:00:00
BNB,608.2451290155274,2024-04-25 00:00:00
BNB,605.452120368048,2024-04-24 23:00:00
BNB,607.4687932626016,2024-04-24 22:00:00
BNB,608.4356222432461,2024-04-24 21:00:00
BNB,602.516955693519,2024-04-24 20:00:00
BNB,596.4353995322127,2024-04-24 19:00:00
BNB,601.2682150778779,2024-04-24 18:00:00
BNB,598.7527546196658,2024-04-24 17:00:00
BNB,598.9380812418566,2024-04-24 16:00:00
BNB,602.1850285706528,2024-04-24 15:00:00
BNB,604.78904763278,2024-04-24 14:00:00
BNB,609.8101218437572,2024-04-24 13:00:00
BNB,614.8747466767076,2024-04-24 12:00:00
BNB,615.1473588809098,2024-04-24 11:00:00
BNB,611.2652597796366,2024-04-24 10:00:00
BNB,607.055501022425,2024-04-24 09:00:00
BNB,607.754904489567,2024-04-24 08:00:00
BNB,608.3586670576088,2024-04-24 07:00:00
BNB,606.0207888814493,2024-04-24 06:00:00
BNB,607.5237573910356,2024-04-24 05:00:00
BNB,605.1186050588935,2024-04-24 04:00:00
BNB,603.6905571835093,2024-04-24 03:00:00
BNB,605.7430729799785,2024-04-24 02:00:00
BNB,606.0674255664596,2024-04-24 01:00:00
BNB,606.8726598946358,2024-04-24 00:00:00
BNB,608.2440680474339,2024-04-23 23:00:00
BNB,608.2178790537365,2024-04-23 22:00:00
BNB,608.1666159631131,2024-04-23 21:00:00
BNB,609.1742079536698,2024-04-23 20:00:00
BNB,610.438178972594,2024-04-23 19:00:00
BNB,609.3525988399533,2024-04-23 18:00:00
BNB,607.4639205883897,2024-04-23 17:00:00
BNB,604.3311887779043,2024-04-23 16:00:00
BNB,606.4635374194851,2024-04-23 15:00:00
BNB,608.0379935879157,2024-04-23 14:00:00
BNB,606.0885243966151,2024-04-23 13:00:00
BNB,605.2255127694667,2024-04-23 12:00:00
BNB,610.7772434958903,2024-04-23 11:00:00
BNB,605.0962905717515,2024-04-23 10:00:00
BNB,603.6032312621053,2024-04-23 09:00:00
BNB,600.3273254028869,2024-04-23 08:00:00
BNB,601.4303428105105,2024-04-23 07:00:00
BNB,603.8898951196568,2024-04-23 06:00:00
BNB,601.2927477810069,2024-04-23 05:00:00
BNB,602.3552813032056,2024-04-23 04:00:00
BNB,599.5353030289072,2024-04-23 03:00:00
BNB,603.1454444969226,2024-04-23 02:00:00
BNB,608.5845775022613,2024-04-23 01:00:00
BNB,605.2562833353201,2024-04-23 00:00:00
BNB,604.7864874203766,2024-04-22 23:00:00
BNB,598.4928839450138,2024-04-22 22:00:00
BNB,596.784636514549,2024-04-22 21:00:00
BNB,597.1327910697955,2024-04-22 20:00:00
BNB,595.7538942084745,2024-04-22 19:00:00
BNB,598.7282753337522,2024-04-22 18:00:00
BNB,595.4485184756683,2024-04-22 17:00:00
BNB,595.9481769262895,2024-04-22 16:00:00
BNB,595.5547280840635,2024-04-22 15:00:00
BNB,595.6596450404401,2024-04-22 14:00:00
BNB,597.5546099638901,2024-04-22 13:00:00
BNB,599.0755821739955,2024-04-22 12:00:00
BNB,602.6615164393049,2024-04-22 11:00:00
BNB,605.2432771900503,2024-04-22 10:00:00
BNB,603.9970636319127,2024-04-22 09:00:00
BNB,603.1493781044583,2024-04-22 08:00:00
BNB,603.8350972869067,2024-04-22 07:00:00
BNB,607.112100112737,2024-04-22 06:00:00
BNB,598.3393647782017,2024-04-22 05:00:00
BNB,595.2785837712271,2024-04-22 04:00:00
BNB,583.2381381573165,2024-04-22 03:00:00
BNB,580.7764673080683,2024-04-22 02:00:00
BNB,582.615076958364,2024-04-22 01:00:00
BNB,579.3734044917832,2024-04-22 00:00:00
BNB,580.1736498545525,2024-04-21 23:00:00
BNB,579.0616892221003,2024-04-21 22:00:00
BNB,577.2013688893715,2024-04-21 21:00:00
BNB,575.4939955935556,2024-04-21 20:00:00
BNB,575.3258229081819,2024-04-21 19:00:00
BNB,573.6829694885674,2024-04-21 18:00:00
BNB,569.9796323245043,2024-04-21 17:00:00
BNB,574.250181761379,2024-04-21 16:00:00
BNB,573.2168901597676,2024-04-21 15:00:00
BNB,573.7845521528686,2024-04-21 14:00:00
BNB,576.3813497496044,2024-04-21 13:00:00
BNB,579.1722119413062,2024-04-21 12:00:00
BNB,579.028795400165,2024-04-21 11:00:00
BNB,580.4738353235538,2024-04-21 10:00:00
BNB,579.1012560999645,2024-04-21 09:00:00
BNB,580.0407298526216,2024-04-21 08:00:00
BNB,578.4555808532212,2024-04-21 07:00:00
BNB,576.147961233586,2024-04-21 06:00:00
BNB,573.6949026093371,2024-04-21 05:00:00
BNB,573.23720350176,2024-04-21 04:00:00
BNB,574.8098884524823,2024-04-21 03:00:00
BNB,571.9339828694438,2024-04-21 02:00:00
BNB,568.0941877817202,2024-04-21 01:00:00
BNB,570.6183474282204,2024-04-21 00:00:00
BNB,568.7346940810696,2024-04-20 23:00:00
BNB,570.6475341607322,2024-04-20 22:00:00
BNB,572.4824573333943,2024-04-20 21:00:00
BNB,573.1294365580435,2024-04-20 20:00:00
BNB,571.2839522671625,2024-04-20 19:00:00
BNB,572.5561818440256,2024-04-20 18:00:00
BNB,565.6432355413117,2024-04-20 17:00:00
BNB,567.6824676233483,2024-04-20 16:00:00
BNB,559.8946484792131,2024-04-20 15:00:00
BNB,558.6324569223547,2024-04-20 14:00:00
BNB,557.2250878827278,2024-04-20 13:00:00
BNB,556.1565924670805,2024-04-20 12:00:00
BNB,554.7187369008556,2024-04-20 11:00:00
BNB,556.4661749001018,2024-04-20 10:00:00
BNB,558.6186057265289,2024-04-20 09:00:00
BNB,560.1463289526298,2024-04-20 08:00:00
BNB,560.5296264747217,2024-04-20 07:00:00
BNB,562.128208133131,2024-04-20 06:00:00
BNB,559.5612409454727,2024-04-20 05:00:00
BNB,556.340054440256,2024-04-20 04:00:00
BNB,556.740616283604,2024-04-20 03:00:00
BNB,556.8178298069477,2024-04-20 02:00:00
BNB,551.5908321592507,2024-04-20 01:00:00
BNB,554.661700179004,2024-04-20 00:00:00
BNB,556.8715931749941,2024-04-19 23:00:00
BNB,560.4826653647831,2024-04-19 22:00:00
BNB,559.3217621612094,2024-04-19 21:00:00
BNB,560.9881375885088,2024-04-19 20:00:00
BNB,559.3236891381036,2024-04-19 19:00:00
BNB,561.6069251004909,2024-04-19 18:00:00
BNB,557.7206244932137,2024-04-19 17:00:00
BNB,559.8563914667968,2024-04-19 16:00:00
BNB,561.2821413137949,2024-04-19 15:00:00
BNB,560.5181130497059,2024-04-19 14:00:00
BNB,560.413712667219,2024-04-19 13:00:00
BNB,559.6192939959396,2024-04-19 12:00:00
BNB,559.9442485521073,2024-04-19 11:00:00
BNB,559.1684499437197,2024-04-19 10:00:00
BNB,559.4386858152548,2024-04-19 09:00:00
BNB,555.3814580795671,2024-04-19 08:00:00
BNB,560.5742510912401,2024-04-19 07:00:00
BNB,543.4908591744974,2024-04-19 06:00:00
BNB,545.2879737668275,2024-04-19 05:00:00
BNB,540.8413096035436,2024-04-19 04:00:00
BNB,535.4587249198012,2024-04-19 03:00:00
BNB,532.7714522427976,2024-04-19 02:00:00
BNB,545.4669554694043,2024-04-19 01:00:00
BNB,552.4407004955643,2024-04-19 00:00:00
BNB,550.823968088471,2024-04-18 23:00:00
BNB,551.5211760251282,2024-04-18 22:00:00
BNB,549.6759668585426,2024-04-18 21:00:00
BNB,550.4882247674334,2024-04-18 20:00:00
BNB,548.1301420144499,2024-04-18 19:00:00
BNB,547.78917798047,2024-04-18 18:00:00
BNB,549.4200455716884,2024-04-18 17:00:00
BNB,549.9793837202475,2024-04-18 16:00:00
BNB,553.8423611466964,2024-04-18 15:00:00
BNB,546.904901473884,2024-04-18 14:00:00
BNB,541.5446202682923,2024-04-18 13:00:00
BNB,546.9404585630797,2024-04-18 12:00:00
BNB,543.0661614266955,2024-04-18 11:00:00
BNB,545.437367727136,2024-04-18 10:00:00
BNB,548.5682102500649,2024-04-18 09:00:00
BNB,543.8239888306231,2024-04-18 08:00:00
BNB,543.9539835089965,2024-04-18 07:00:00
BNB,546.1177386024536,2024-04-18 06:00:00
BNB,549.6085672961822,2024-04-18 05:00:00
BNB,550.0788126054235,2024-04-18 04:00:00
BNB,542.1965668721202,2024-04-18 03:00:00
BNB,537.7296421253317,2024-04-18 02:00:00
BNB,535.4489852981501,2024-04-18 01:00:00
BNB,533.9406647370134,2024-04-18 00:00:00
BNB,537.7526407848376,2024-04-17 23:00:00
BNB,536.9561304088226,2024-04-17 22:00:00
BNB,534.6730414040716,2024-04-17 21:00:00
BNB,534.5713601646598,2024-04-17 20:00:00
BNB,534.2015238377894,2024-04-17 19:00:00
BNB,529.0046312964918,2024-04-17 18:00:00
BNB,520.1670428602714,2024-04-17 17:00:00
BNB,519.1962245779854,2024-04-17 16:00:00
BNB,527.9350965718489,2024-04-17 15:00:00
BNB,538.183975544882,2024-04-17 14:00:00
BNB,536.4798653915427,2024-04-17 13:00:00
BNB,532.2837989595066,2024-04-17 12:00:00
BNB,538.1080625008882,2024-04-17 11:00:00
BNB,543.181027657971,2024-04-17 10:00:00
BNB,545.28064688411,2024-04-17 09:00:00
BNB,544.5706548447271,2024-04-17 08:00:00
BNB,544.4679783387514,2024-04-17 07:00:00
BNB,543.2772946633264,2024-04-17 06:00:00
BNB,545.3826313343211,2024-04-17 05:00:00
BNB,541.554011988652,2024-04-17 04:00:00
BNB,538.6605570882184,2024-04-17 03:00:00
BNB,538.2280612195891,2024-04-17 02:00:00
BNB,540.0338175412694,2024-04-17 01:00:00
BNB,537.9191450638473,2024-04-17 00:00:00
BNB,540.7122452838038,2024-04-16 23:00:00
BNB,540.9807713794434,2024-04-16 22:00:00
BNB,538.3923037619386,2024-04-16 21:00:00
BNB,534.8286187699017,2024-04-16 20:00:00
BNB,537.5210521921391,2024-04-16 19:00:00
BNB,533.2705340331457,2024-04-16 18:00:00
BNB,531.6848902345414,2024-04-16 17:00:00
BNB,524.825799478889,2024-04-16 16:00:00
BNB,532.1864110808407,2024-04-16 15:00:00
BNB,534.5258204292253,2024-04-16 14:00:00
BNB,540.7483714300383,2024-04-16 13:00:00
BNB,543.1049505822351,2024-04-16 12:00:00
BNB,540.2653133419676,2024-04-16 11:00:00
BNB,545.7336004074265,2024-04-16 10:00:00
BNB,546.6384132646281,2024-04-16 09:00:00
BNB,550.6227288822867,2024-04-16 08:00:00
BNB,550.1339912797963,2024-04-16 07:00:00
BNB,543.8244333306536,2024-04-16 06:00:00
BNB,537.7866448893926,2024-04-16 05:00:00
BNB,544.6990813399268,2024-04-16 04:00:00
BNB,547.7502066846426,2024-04-16 03:00:00
BNB,546.9697235044067,2024-04-16 02:00:00
BNB,547.4338857134474,2024-04-16 01:00:00
BNB,552.1516678680755,2024-04-16 00:00:00
BNB,557.886435117944,2024-04-15 23:00:00
BNB,557.4913942277474,2024-04-15 22:00:00
BNB,553.6453816551048,2024-04-15 21:00:00
BNB,556.1043767491554,2024-04-15 20:00:00
BNB,547.6457566843841,2024-04-15 19:00:00
BNB,560.3033340637334,2024-04-15 18:00:00
BNB,561.4970366359133,2024-04-15 17:00:00
BNB,565.6750266834136,2024-04-15 16:00:00
BNB,558.8550598853941,2024-04-15 15:00:00
BNB,570.9262115888398,2024-04-15 14:00:00
BNB,579.4618209340634,2024-04-15 13:00:00
BNB,578.5462046210585,2024-04-15 12:00:00
BNB,584.2336730956313,2024-04-15 11:00:00
BNB,583.0723287497274,2024-04-15 10:00:00
BNB,576.3321692349807,2024-04-15 09:00:00
BNB,576.0189946978279,2024-04-15 08:00:00
BNB,577.1332360879767,2024-04-15 07:00:00
BNB,569.1178867749178,2024-04-15 06:00:00
BNB,564.3554021220759,2024-04-15 05:00:00
BNB,567.9803202980111,2024-04-15 04:00:00
BNB,563.7563690155371,2024-04-15 03:00:00
BNB,562.7274367868845,2024-04-15 02:00:00
BNB,562.910778357288,2024-04-15 01:00:00
BNB,566.78239507385,2024-04-15 00:00:00
BNB,566.8367137458628,2024-04-14 23:00:00
BNB,551.0208053102034,2024-04-14 22:00:00
BNB,549.1446626016661,2024-04-14 21:00:00
BNB,552.0857045020538,2024-04-14 20:00:00
BNB,552.1982946926155,2024-04-14 19:00:00
BNB,548.9459524837017,2024-04-14 18:00:00
BNB,553.9514857429355,2024-04-14 17:00:00
BNB,550.6997872202418,2024-04-14 16:00:00
BNB,547.5355586502035,2024-04-14 15:00:00
BNB,550.633759283392,2024-04-14 14:00:00
BNB,557.1796768117323,2024-04-14 13:00:00
BNB,552.6360189763594,2024-04-14 12:00:00
BNB,559.4678674914289,2024-04-14 11:00:00
BNB,555.6597020729888,2024-04-14 10:00:00
BNB,560.6242302710664,2024-04-14 09:00:00
BNB,564.1476574740759,2024-04-14 08:00:00
BNB,566.3087038563993,2024-04-14 07:00:00
BNB,563.1155968216833,2024-04-14 06:00:00
BNB,555.8169255439184,2024-04-14 05:00:00
BNB,547.7146532186333,2024-04-14 04:00:00
BNB,547.0039145892562,2024-04-14 03:00:00
BNB,550.5028174931474,2024-04-14 02:00:00
BNB,546.4259623176382,2024-04-14 01:00:00
BNB,554.2493983822463,2024-04-14 00:00:00
BNB,555.7151435581407,2024-04-13 23:00:00
BNB,541.0402158325381,2024-04-13 22:00:00
BNB,524.4081078445539,2024-04-13 21:00:00
BNB,553.9894432445913,2024-04-13 20:00:00
BNB,582.5413070710871,2024-04-13 19:00:00
BNB,578.3038646589321,2024-04-13 18:00:00
BNB,582.6598322871358,2024-04-13 17:00:00
BNB,596.157337418652,2024-04-13 16:00:00
BNB,591.1318805572088,2024-04-13 15:00:00
BNB,593.2419186308009,2024-04-13 14:00:00
BNB,596.5670262967766,2024-04-13 13:00:00
BNB,593.1067640278956,2024-04-13 12:00:00
BNB,593.4947959220303,2024-04-13 11:00:00
BNB,596.9898440424214,2024-04-13 10:00:00
BNB,596.1521171724974,2024-04-13 09:00:00
BNB,593.4482596848626,2024-04-13 08:00:00
BNB,589.704320105135,2024-04-13 07:00:00
BNB,587.4016400959184,2024-04-13 06:00:00
BNB,590.8641479753936,2024-04-13 05:00:00
BNB,583.2207791606501,2024-04-13 04:00:00
BNB,578.3566342124199,2024-04-13 03:00:00
BNB,571.3902172861696,2024-04-13 02:00:00
BNB,586.6272422243393,2024-04-13 01:00:00
BNB,595.0653581952531,2024-04-13 00:00:00
BNB,594.4085595711846,2024-04-12 23:00:00
BNB,597.2721503921952,2024-04-12 22:00:00
BNB,591.8808198087096,2024-04-12 21:00:00
BNB,587.9911267294639,2024-04-12 20:00:00
BNB,582.4706162053025,2024-04-12 19:00:00
BNB,602.3885520458667,2024-04-12 18:00:00
BNB,614.0372414846513,2024-04-12 17:00:00
BNB,611.3582408433688,2024-04-12 16:00:00
BNB,609.0939091094225,2024-04-12 15:00:00
BNB,613.7922009578887,2024-04-12 14:00:00
BNB,617.0634692853259,2024-04-12 13:00:00
BNB,622.1249774570808,2024-04-12 12:00:00
BNB,622.9251816067117,2024-04-12 11:00:00
BNB,623.8053581274988,2024-04-12 10:00:00
BNB,621.8195587634962,2024-04-12 09:00:00
BNB,621.6550236602711,2024-04-12 08:00:00
BNB,625.1807278667511,2024-04-12 07:00:00
BNB,618.9834402984154,2024-04-12 06:00:00
BNB,617.9545903590418,2024-04-12 05:00:00
BNB,614.2280063464835,2024-04-12 04:00:00
BNB,613.1191972752753,2024-04-12 03:00:00
BNB,610.4240024094241,2024-04-12 02:00:00
BNB,609.649301552483,2024-04-12 01:00:00
BNB,604.4251836393632,2024-04-12 00:00:00
BNB,606.5150664787285,2024-04-11 23:00:00
BNB,604.1850171500153,2024-04-11 22:00:00
BNB,607.0160400034875,2024-04-11 21:00:00
BNB,604.5000008526081,2024-04-11 20:00:00
BNB,602.2627188430679,2024-04-11 19:00:00
BNB,602.6946715728212,2024-04-11 18:00:00
BNB,601.1686605642709,2024-04-11 17:00:00
BNB,600.7738225786359,2024-04-11 16:00:00
BNB,601.3238158230708,2024-04-11 15:00:00
BNB,603.8337727616253,2024-04-11 14:00:00
BNB,601.2559368200072,2024-04-11 13:00:00
BNB,592.4047822297546,2024-04-11 12:00:00
BNB,598.4754205959308,2024-04-11 11:00:00
BNB,597.3125294476338,2024-04-11 10:00:00
BNB,602.3168546452089,2024-04-11 09:00:00
BNB,604.7397755202875,2024-04-11 08:00:00
BNB,607.0937405688009,2024-04-11 07:00:00
BNB,610.683265209212,2024-04-11 06:00:00
BNB,612.5629920157266,2024-04-11 05:00:00
BNB,615.827698423279,2024-04-11 04:00:00
BNB,615.1806210478201,2024-04-11 03:00:00
BNB,606.1308527676482,2024-04-11 02:00:00
BNB,607.838381544891,2024-04-11 01:00:00
BNB,610.1233738178075,2024-04-11 00:00:00
BNB,607.4047951652987,2024-04-10 23:00:00
BNB,607.1292936895068,2024-04-10 22:00:00
BNB,604.0956518525932,2024-04-10 21:00:00
BNB,606.5012585160422,2024-04-10 20:00:00
BNB,604.5889250904374,2024-04-10 19:00:00
BNB,604.874843700933,2024-04-10 18:00:00
BNB,608.012313979706,2024-04-10 17:00:00
BNB,591.9845720931395,2024-04-10 16:00:00
BNB,588.244227851384,2024-04-10 15:00:00
BNB,583.5326461830235,2024-04-10 14:00:00
BNB,577.1936985177688,2024-04-10 13:00:00
BNB,586.4589554998901,2024-04-10 12:00:00
BNB,586.0189887669928,2024-04-10 11:00:00
BNB,589.8000296032984,2024-04-10 10:00:00
BNB,587.5539594239677,2024-04-10 09:00:00
BNB,586.4595169884019,2024-04-10 08:00:00
BNB,581.4517556433582,2024-04-10 07:00:00
BNB,581.2869865671668,2024-04-10 06:00:00
BNB,578.5706526732275,2024-04-10 05:00:00
BNB,578.1543224248555,2024-04-10 04:00:00
BNB,575.103519343251,2024-04-10 03:00:00
BNB,580.0844378811787,2024-04-10 02:00:00
BNB,581.2757456963533,2024-04-10 01:00:00
BNB,580.5417948718401,2024-04-10 00:00:00
BNB,582.5622979867488,2024-04-09 23:00:00
BNB,581.7280887207373,2024-04-09 22:00:00
BNB,580.5211303078958,2024-04-09 21:00:00
BNB,580.4885421593237,2024-04-09 20:00:00
BNB,579.1445679128851,2024-04-09 19:00:00
BNB,578.1675475514456,2024-04-09 18:00:00
BNB,575.605644899734,2024-04-09 17:00:00
BNB,578.8745905284615,2024-04-09 16:00:00
BNB,576.6911099702913,2024-04-09 15:00:00
BNB,581.9818539825108,2024-04-09 14:00:00
BNB,583.9205308457044,2024-04-09 13:00:00
BNB,584.2645942741262,2024-04-09 12:00:00
BNB,583.2347714056726,2024-04-09 11:00:00
BNB,580.1668435818717,2024-04-09 10:00:00
BNB,581.273084346437,2024-04-09 09:00:00
BNB,575.0583241227588,2024-04-09 08:00:00
BNB,580.7921093749002,2024-04-09 07:00:00
BNB,583.3607316177867,2024-04-09 06:00:00
BNB,581.9267362581028,2024-04-09 05:00:00
BNB,581.8133384727734,2024-04-09 04:00:00
BNB,582.1713014190195,2024-04-09 03:00:00
BNB,582.3796390290076,2024-04-09 02:00:00
BNB,585.0585272759392,2024-04-09 01:00:00
BNB,586.8722725937209,2024-04-09 00:00:00
BNB,590.9324999591906,2024-04-08 23:00:00
BNB,589.1586279234813,2024-04-08 22:00:00
BNB,588.9015294638087,2024-04-08 21:00:00
BNB,588.815670029637,2024-04-08 20:00:00
BNB,589.0979138477968,2024-04-08 19:00:00
BNB,588.5439850109276,2024-04-08 18:00:00
BNB,590.1607428277192,2024-04-08 17:00:00
BNB,588.4550559033396,2024-04-08 16:00:00
BNB,588.9824949539485,2024-04-08 15:00:00
BNB,593.467104248401,2024-04-08 14:00:00
BNB,592.6434169776834,2024-04-08 13:00:00
BNB,595.7320401683737,2024-04-08 12:00:00
BNB,599.033999946918,2024-04-08 11:00:00
BNB,600.5283077024942,2024-04-08 10:00:00
BNB,594.5532227706483,2024-04-08 09:00:00
BNB,588.2566762428754,2024-04-08 08:00:00
BNB,585.2061969866708,2024-04-08 07:00:00
BNB,584.6089574323769,2024-04-08 06:00:00
BNB,581.763976534338,2024-04-08 05:00:00
BNB,581.9381137307238,2024-04-08 04:00:00
BNB,579.0464070431867,2024-04-08 03:00:00
BNB,580.4052491689903,2024-04-08 02:00:00
BNB,581.4437331411667,2024-04-08 01:00:00
BNB,584.1849211834316,2024-04-08 00:00:00
BNB,582.0035272474195,2024-04-07 23:00:00
BNB,581.0059728911781,2024-04-07 22:00:00
BNB,581.3478730626554,2024-04-07 21:00:00
BNB,578.8201975450163,2024-04-07 20:00:00
BNB,580.7672490097927,2024-04-07 19:00:00
BNB,582.6545784740131,2024-04-07 18:00:00
BNB,583.4958459307461,2024-04-07 17:00:00
BNB,584.4682950379533,2024-04-07 16:00:00
BNB,588.4172316820998,2024-04-07 15:00:00
BNB,588.1830536108673,2024-04-07 14:00:00
BNB,587.3747364575287,2024-04-07 13:00:00
BNB,586.8807796508967,2024-04-07 12:00:00
BNB,587.2625519890212,2024-04-07 11:00:00
BNB,586.9171862024388,2024-04-07 10:00:00
BNB,587.4360663169289,2024-04-07 09:00:00
BNB,587.6008304017967,2024-04-07 08:00:00
BNB,587.8880294405805,2024-04-07 07:00:00
BNB,589.1896375537709,2024-04-07 06:00:00
BNB,587.9750348745745,2024-04-07 05:00:00
BNB,589.7002668208416,2024-04-07 04:00:00
BNB,588.2673546413208,2024-04-07 03:00:00
BNB,591.1688326384518,2024-04-07 02:00:00
BNB,586.8569515234069,2024-04-07 01:00:00
BNB,585.3939720444681,2024-04-07 00:00:00
BNB,588.0726899777093,2024-04-06 23:00:00
BNB,585.4396693694478,2024-04-06 22:00:00
BNB,585.4150614821083,2024-04-06 21:00:00
BNB,583.2663684127043,2024-04-06 20:00:00
BNB,583.7704060894291,2024-04-06 19:00:00
BNB,585.0050485702792,2024-04-06 18:00:00
BNB,585.7672697237264,2024-04-06 17:00:00
BNB,584.3207213035232,2024-04-06 16:00:00
BNB,583.6589435045092,2024-04-06 15:00:00
BNB,581.9863280073923,2024-04-06 14:00:00
BNB,582.0546745578794,2024-04-06 13:00:00
BNB,581.6661256740705,2024-04-06 12:00:00
BNB,581.2417686929325,2024-04-06 11:00:00
BNB,582.0740149028767,2024-04-06 10:00:00
BNB,584.2501865745583,2024-04-06 09:00:00
BNB,583.2050199814429,2024-04-06 08:00:00
BNB,582.4690776091255,2024-04-06 07:00:00
BNB,580.9026566847597,2024-04-06 06:00:00
BNB,583.2010894296485,2024-04-06 05:00:00
BNB,581.8096582050695,2024-04-06 04:00:00
BNB,577.2653604734313,2024-04-06 03:00:00
BNB,577.6381814887733,2024-04-06 02:00:00
BNB,578.1252540186196,2024-04-06 01:00:00
BNB,578.696327648609,2024-04-06 00:00:00
BNB,581.2321349571002,2024-04-05 23:00:00
BNB,580.9891576305623,2024-04-05 22:00:00
BNB,581.4061537599462,2024-04-05 21:00:00
BNB,581.4198440576489,2024-04-05 20:00:00
BNB,581.0902015140996,2024-04-05 19:00:00
BNB,578.4854684818188,2024-04-05 18:00:00
BNB,582.5363619727402,2024-04-05 17:00:00
BNB,584.8947530031427,2024-04-05 16:00:00
BNB,585.4876779551759,2024-04-05 15:00:00
BNB,583.8460903086764,2024-04-05 14:00:00
BNB,578.5438787895912,2024-04-05 13:00:00
BNB,576.6094359554708,2024-04-05 12:00:00
BNB,576.9378280608323,2024-04-05 11:00:00
BNB,576.0201986385291,2024-04-05 10:00:00
BNB,578.5553085673685,2024-04-05 09:00:00
BNB,574.8453614202283,2024-04-05 08:00:00
BNB,571.1783702932738,2024-04-05 07:00:00
BNB,568.3976127911907,2024-04-05 06:00:00
BNB,575.9184308421735,2024-04-05 05:00:00
BNB,582.0426933512858,2024-04-05 04:00:00
BNB,577.6014429899026,2024-04-05 03:00:00
BNB,585.0595555525449,2024-04-05 02:00:00
BNB,590.524610835719,2024-04-05 01:00:00
BNB,585.5721433827005,2024-04-05 00:00:00
BNB,582.2120309913747,2024-04-04 23:00:00
BNB,586.12067130562,2024-04-04 22:00:00
BNB,587.3695088666968,2024-04-04 21:00:00
BNB,592.8833214386623,2024-04-04 20:00:00
BNB,594.1837448165794,2024-04-04 19:00:00
BNB,600.0924203516671,2024-04-04 18:00:00
BNB,592.8365744648866,2024-04-04 17:00:00
BNB,590.4984581013053,2024-04-04 16:00:00
BNB,592.3928002148748,2024-04-04 15:00:00
BNB,589.6923644426796,2024-04-04 14:00:00
BNB,588.5574119642123,2024-04-04 13:00:00
BNB,586.7352196172841,2024-04-04 12:00:00
BNB,586.9544678865691,2024-04-04 11:00:00
BNB,586.979275936062,2024-04-04 10:00:00
BNB,584.9244170773128,2024-04-04 09:00:00
BNB,582.8408358108372,2024-04-04 08:00:00
BNB,580.6193772853819,2024-04-04 07:00:00
BNB,580.2282335652037,2024-04-04 06:00:00
BNB,578.4860012314189,2024-04-04 05:00:00
BNB,576.0622417163127,2024-04-04 04:00:00
BNB,578.8437858529601,2024-04-04 03:00:00
BNB,571.656678966984,2024-04-04 02:00:00
BNB,567.7793379890135,2024-04-04 01:00:00
BNB,561.7314793379054,2024-04-04 00:00:00
BNB,563.6604275705907,2024-04-03 23:00:00
BNB,561.213667684507,2024-04-03 22:00:00
BNB,557.0126307251696,2024-04-03 21:00:00
BNB,558.0745265617528,2024-04-03 20:00:00
BNB,558.2555107374781,2024-04-03 19:00:00
BNB,554.590786586926,2024-04-03 18:00:00
BNB,557.9186201542095,2024-04-03 17:00:00
BNB,556.7029694535889,2024-04-03 16:00:00
BNB,560.3440661710229,2024-04-03 15:00:00
BNB,554.1447096774307,2024-04-03 14:00:00
BNB,555.6006477852,2024-04-03 13:00:00
BNB,556.5534188427877,2024-04-03 12:00:00
BNB,554.8656816386303,2024-04-03 11:00:00
BNB,564.4120499424142,2024-04-03 10:00:00
BNB,565.8326892532837,2024-04-03 09:00:00
BNB,559.9110671507856,2024-04-03 08:00:00
BNB,561.2841530113542,2024-04-03 07:00:00
BNB,555.3493812253419,2024-04-03 06:00:00
BNB,557.7335395824574,2024-04-03 05:00:00
BNB,559.7667812667772,2024-04-03 04:00:00
BNB,557.7656210029569,2024-04-03 03:00:00
BNB,557.0050291247045,2024-04-03 02:00:00
BNB,546.4300108054744,2024-04-03 01:00:00
BNB,551.515331556358,2024-04-03 00:00:00
BNB,557.8088457034038,2024-04-02 23:00:00
BNB,556.2410482519282,2024-04-02 22:00:00
BNB,556.4016156427691,2024-04-02 21:00:00
BNB,558.7362121749131,2024-04-02 20:00:00
BNB,557.6634816939074,2024-04-02 19:00:00
BNB,555.0190759771031,2024-04-02 18:00:00
BNB,555.8808412719085,2024-04-02 17:00:00
BNB,554.2004495242662,2024-04-02 16:00:00
BNB,557.2856317219527,2024-04-02 15:00:00
BNB,553.9903032098013,2024-04-02 14:00:00
BNB,553.9919249904269,2024-04-02 13:00:00
BNB,555.4512879208594,2024-04-02 12:00:00
BNB,558.5719561766946,2024-04-02 11:00:00
BNB,561.1296499646818,2024-04-02 10:00:00
BNB,558.2407395687903,2024-04-02 09:00:00
BNB,559.8169901862981,2024-04-02 08:00:00
BNB,564.2467533130401,2024-04-02 07:00:00
BNB,559.3549215831783,2024-04-02 06:00:00
BNB,559.8377061191752,2024-04-02 05:00:00
BNB,561.3961350439021,2024-04-02 04:00:00
BNB,560.1736713301585,2024-04-02 03:00:00
BNB,576.4774474519172,2024-04-02 02:00:00
BNB,575.0519432870959,2024-04-02 01:00:00
BNB,575.695059051994,2024-04-02 00:00:00
BNB,578.0658310320588,2024-04-01 23:00:00
BNB,579.1409279367452,2024-04-01 22:00:00
BNB,580.2567002951192,2024-04-01 21:00:00
BNB,579.5669452793962,2024-04-01 20:00:00
BNB,575.42640358535,2024-04-01 19:00:00
BNB,572.9188456740682,2024-04-01 18:00:00
BNB,571.8722568129252,2024-04-01 17:00:00
BNB,574.7073763171267,2024-04-01 16:00:00
BNB,580.9714031484565,2024-04-01 15:00:00
BNB,591.716387072905,2024-04-01 14:00:00
BNB,588.3711390354904,2024-04-01 13:00:00
BNB,585.6066855626481,2024-04-01 12:00:00
BNB,585.0038839927464,2024-04-01 11:00:00
BNB,583.1544995405042,2024-04-01 10:00:00
BNB,582.2150334063734,2024-04-01 09:00:00
BNB,585.830218487307,2024-04-01 08:00:00
BNB,586.3563711497555,2024-04-01 07:00:00
BNB,578.8136785596366,2024-04-01 06:00:00
BNB,594.496204632417,2024-04-01 05:00:00
BNB,597.6569228919494,2024-04-01 04:00:00
BNB,598.195492666998,2024-04-01 03:00:00
BNB,604.1726616035493,2024-04-01 02:00:00
BNB,606.0862860215229,2024-04-01 01:00:00
BNB,605.6610719643236,2024-04-01 00:00:00
BNB,605.8246251592882,2024-03-31 23:00:00
BNB,607.3421268799142,2024-03-31 22:00:00
BNB,606.6091951629678,2024-03-31 21:00:00
BNB,605.4611537628854,2024-03-31 20:00:00
BNB,603.8561372455183,2024-03-31 19:00:00
BNB,602.6751209713784,2024-03-31 18:00:00
BNB,602.2999698951511,2024-03-31 17:00:00
BNB,602.488907047848,2024-03-31 16:00:00
BNB,603.2099593334683,2024-03-31 15:00:00
BNB,603.0200924864234,2024-03-31 14:00:00
BNB,605.9823489408327,2024-03-31 13:00:00
BNB,605.7959419550252,2024-03-31 12:00:00
BNB,605.8281485070148,2024-03-31 11:00:00
BNB,603.9434822309347,2024-03-31 10:00:00
BNB,603.6237854152066,2024-03-31 09:00:00
BNB,606.6004151121717,2024-03-31 08:00:00
BNB,604.8882962436855,2024-03-31 07:00:00
BNB,606.5499470125428,2024-03-31 06:00:00
BNB,605.2604142574156,2024-03-31 05:00:00
BNB,608.4278844930947,2024-03-31 04:00:00
BNB,607.0159714041721,2024-03-31 03:00:00
BNB,604.6291100772889,2024-03-31 02:00:00
BNB,603.3188203029109,2024-03-31 01:00:00
BNB,600.5520909682866,2024-03-31 00:00:00
BNB,604.0657524507568,2024-03-30 23:00:00
BNB,604.0090076771828,2024-03-30 22:00:00
BNB,605.8352812734352,2024-03-30 21:00:00
BNB,604.9624799671383,2024-03-30 20:00:00
BNB,609.8917038159507,2024-03-30 19:00:00
BNB,608.7977095153536,2024-03-30 18:00:00
BNB,608.0457097926985,2024-03-30 17:00:00
BNB,605.502324372945,2024-03-30 16:00:00
BNB,604.8667607423083,2024-03-30 15:00:00
BNB,605.4534990398328,2024-03-30 14:00:00
BNB,604.7904322902458,2024-03-30 13:00:00
BNB,605.7995690191137,2024-03-30 12:00:00
BNB,604.8641885272367,2024-03-30 11:00:00
BNB,602.0283956050534,2024-03-30 10:00:00
BNB,599.6120554655723,2024-03-30 09:00:00
BNB,600.6257968385343,2024-03-30 08:00:00
BNB,604.4358266761423,2024-03-30 07:00:00
BNB,609.2357561956748,2024-03-30 06:00:00
BNB,611.366580131395,2024-03-30 05:00:00
BNB,606.8862221876511,2024-03-30 04:00:00
BNB,607.3613229266823,2024-03-30 03:00:00
BNB,608.7353303693609,2024-03-30 02:00:00
BNB,609.5959069371766,2024-03-30 01:00:00
BNB,611.8487215968298,2024-03-30 00:00:00
BNB,618.480401934004,2024-03-29 23:00:00
BNB,613.0130668995197,2024-03-29 22:00:00
BNB,614.0473423024758,2024-03-29 21:00:00
BNB,613.4891322369941,2024-03-29 20:00:00
BNB,611.3135983743492,2024-03-29 19:00:00
BNB,611.870126717026,2024-03-29 18:00:00
BNB,611.3375443764288,2024-03-29 17:00:00
BNB,608.4536016613617,2024-03-29 16:00:00
BNB,614.0885774954459,2024-03-29 15:00:00
BNB,618.6461805563438,2024-03-29 14:00:00
BNB,618.1528029317823,2024-03-29 13:00:00
BNB,615.8969309428945,2024-03-29 12:00:00
BNB,613.7882072780964,2024-03-29 11:00:00
BNB,612.3428411673046,2024-03-29 10:00:00
BNB,608.6420788321028,2024-03-29 09:00:00
BNB,605.7909508341509,2024-03-29 08:00:00
BNB,608.3898997019887,2024-03-29 07:00:00
BNB,611.2886980192496,2024-03-29 06:00:00
BNB,609.9978191901337,2024-03-29 05:00:00
BNB,588.4044766901462,2024-03-29 04:00:00
BNB,586.9210502543243,2024-03-29 03:00:00
BNB,585.4048683957134,2024-03-29 02:00:00
BNB,583.7846059392343,2024-03-29 01:00:00
BNB,583.4351843354569,2024-03-29 00:00:00
BNB,584.6563251494673,2024-03-28 23:00:00
BNB,581.6381559616796,2024-03-28 22:00:00
BNB,582.1310988904245,2024-03-28 21:00:00
BNB,582.0749450162984,2024-03-28 20:00:00
BNB,581.253578689549,2024-03-28 19:00:00
BNB,581.9060822945007,2024-03-28 18:00:00
BNB,582.149613087276,2024-03-28 17:00:00
BNB,584.811048434662,2024-03-28 16:00:00
BNB,586.877397614267,2024-03-28 15:00:00
BNB,587.3336853308663,2024-03-28 14:00:00
BNB,582.682280475857,2024-03-28 13:00:00
BNB,586.9439885554739,2024-03-28 12:00:00
BNB,586.2363618794274,2024-03-28 11:00:00
BNB,589.3608117561836,2024-03-28 10:00:00
BNB,589.5056281550578,2024-03-28 09:00:00
BNB,590.7930399683654,2024-03-28 08:00:00
BNB,588.6236810771408,2024-03-28 07:00:00
BNB,585.4174241732819,2024-03-28 06:00:00
BNB,587.2960121257707,2024-03-28 05:00:00
BNB,581.7938693324636,2024-03-28 04:00:00
BNB,579.52530633977,2024-03-28 03:00:00
BNB,585.4442767961623,2024-03-28 02:00:00
BNB,585.4742084377697,2024-03-28 01:00:00
BNB,575.2564614992159,2024-03-28 00:00:00
BNB,574.9647427253244,2024-03-27 23:00:00
BNB,570.9899696155898,2024-03-27 22:00:00
BNB,570.2008567787485,2024-03-27 21:00:00
BNB,570.9379205052649,2024-03-27 20:00:00
BNB,567.6805715415677,2024-03-27 19:00:00
BNB,571.4659287302586,2024-03-27 18:00:00
BNB,571.7695837872039,2024-03-27 17:00:00
BNB,569.459829454565,2024-03-27 16:00:00
BNB,574.0282035554513,2024-03-27 15:00:00
BNB,574.3683396412207,2024-03-27 14:00:00
BNB,577.401441832122,2024-03-27 13:00:00
BNB,579.55065730695,2024-03-27 12:00:00
BNB,578.4238586022491,2024-03-27 11:00:00
BNB,577.1172075502475,2024-03-27 10:00:00
BNB,572.9916846591992,2024-03-27 09:00:00
BNB,573.4090445539817,2024-03-27 08:00:00
BNB,578.3101131764863,2024-03-27 07:00:00
BNB,580.566308882892,2024-03-27 06:00:00
BNB,578.1864191331181,2024-03-27 05:00:00
BNB,581.9282305181343,2024-03-27 04:00:00
BNB,584.8356183470363,2024-03-27 03:00:00
BNB,582.814925986083,2024-03-27 02:00:00
BNB,584.269862780541,2024-03-27 01:00:00
BNB,579.543741964111,2024-03-27 00:00:00
BNB,580.8084465380341,2024-03-26 23:00:00
BNB,579.2527037264251,2024-03-26 22:00:00
BNB,577.6861343348443,2024-03-26 21:00:00
BNB,576.7853729012357,2024-03-26 20:00:00
BNB,573.805414353806,2024-03-26 19:00:00
BNB,579.1218024700025,2024-03-26 18:00:00
BNB,576.2227014354647,2024-03-26 17:00:00
BNB,577.9645031284874,2024-03-26 16:00:00
BNB,578.0773885570776,2024-03-26 15:00:00
BNB,585.2424822614718,2024-03-26 14:00:00
BNB,593.0673032610955,2024-03-26 13:00:00
BNB,591.0745457342209,2024-03-26 12:00:00
BNB,594.3455262730623,2024-03-26 11:00:00
BNB,596.4139521162132,2024-03-26 10:00:00
BNB,594.7966132727798,2024-03-26 09:00:00
BNB,591.828420638027,2024-03-26 08:00:00
BNB,593.1543325290024,2024-03-26 07:00:00
BNB,593.2292769475368,2024-03-26 06:00:00
BNB,591.339116680065,2024-03-26 05:00:00
BNB,593.8719123923252,2024-03-26 04:00:00
BNB,592.6058970399149,2024-03-26 03:00:00
BNB,590.6852152326558,2024-03-26 02:00:00
BNB,589.1541523696445,2024-03-26 01:00:00
BNB,587.2230948760192,2024-03-26 00:00:00
BNB,588.9637451121072,2024-03-25 23:00:00
BNB,586.9891119691922,2024-03-25 22:00:00
BNB,591.6712314272162,2024-03-25 21:00:00
BNB,596.3776109803334,2024-03-25 20:00:00
BNB,595.2577394570491,2024-03-25 19:00:00
BNB,592.2894001729037,2024-03-25 18:00:00
BNB,595.8299549340575,2024-03-25 17:00:00
BNB,592.9011784892429,2024-03-25 16:00:00
BNB,591.6288117098543,2024-03-25 15:00:00
BNB,583.2867519225135,2024-03-25 14:00:00
BNB,578.6779793122492,2024-03-25 13:00:00
BNB,580.9202359904415,2024-03-25 12:00:00
BNB,584.8569528843246,2024-03-25 11:00:00
BNB,581.7493892632457,2024-03-25 10:00:00
BNB,579.2979836287677,2024-03-25 09:00:00
BNB,584.7096570609923,2024-03-25 08:00:00
BNB,587.6887408233739,2024-03-25 07:00:00
BNB,587.241835888322,2024-03-25 06:00:00
BNB,586.3606937512444,2024-03-25 05:00:00
BNB,581.6857968102322,2024-03-25 04:00:00
BNB,576.2848617371908,2024-03-25 03:00:00
BNB,568.7937762321217,2024-03-25 02:00:00
BNB,566.8124079691858,2024-03-25 01:00:00
BNB,566.6844290632736,2024-03-25 00:00:00
BNB,571.4226704582827,2024-03-24 23:00:00
BNB,571.352616834819,2024-03-24 22:00:00
BNB,566.4435037839514,2024-03-24 21:00:00
BNB,564.1575781157813,2024-03-24 20:00:00
BNB,561.7909426626493,2024-03-24 19:00:00
BNB,559.4597770813168,2024-03-24 18:00:00
BNB,556.8739369240524,2024-03-24 17:00:00
BNB,560.3219987440755,2024-03-24 16:00:00
BNB,561.1054245344163,2024-03-24 15:00:00
BNB,558.6955784151554,2024-03-24 14:00:00
BNB,561.9551360542619,2024-03-24 13:00:00
BNB,556.8585246150151,2024-03-24 12:00:00
BNB,555.1159546054855,2024-03-24 11:00:00
BNB,554.3961198870803,2024-03-24 10:00:00
BNB,557.8433283404868,2024-03-24 09:00:00
BNB,552.9578991643473,2024-03-24 08:00:00
BNB,551.9315486229826,2024-03-24 07:00:00
BNB,553.5233427097288,2024-03-24 06:00:00
BNB,553.0673416317527,2024-03-24 05:00:00
BNB,550.9900959655047,2024-03-24 04:00:00
BNB,555.9842171344047,2024-03-24 03:00:00
BNB,557.1203667379509,2024-03-24 02:00:00
BNB,559.3571788730626,2024-03-24 01:00:00
BNB,552.7267225107516,2024-03-24 00:00:00
BNB,558.2416748362612,2024-03-23 23:00:00
BNB,561.0238872538697,2024-03-23 22:00:00
BNB,559.3467164436317,2024-03-23 21:00:00
BNB,559.2028247728138,2024-03-23 20:00:00
BNB,562.30994486236,2024-03-23 19:00:00
BNB,561.9620398525184,2024-03-23 18:00:00
BNB,563.1017273162471,2024-03-23 17:00:00
BNB,562.2395555615675,2024-03-23 16:00:00
BNB,564.2874663971853,2024-03-23 15:00:00
BNB,561.750267837601,2024-03-23 14:00:00
BNB,557.6044903893641,2024-03-23 13:00:00
BNB,553.9749567575179,2024-03-23 12:00:00
BNB,555.0111887052595,2024-03-23 11:00:00
BNB,552.7172145832192,2024-03-23 10:00:00
BNB,555.0887678783002,2024-03-23 09:00:00
BNB,555.5917301954833,2024-03-23 08:00:00
BNB,553.3291432900916,2024-03-23 07:00:00
BNB,550.1151051367569,2024-03-23 06:00:00
BNB,550.5640961506011,2024-03-23 05:00:00
BNB,550.7271751998977,2024-03-23 04:00:00
BNB,553.8800604037741,2024-03-23 03:00:00
BNB,560.2400806845905,2024-03-23 02:00:00
BNB,549.9470344939584,2024-03-23 01:00:00
BNB,550.6595163250356,2024-03-23 00:00:00
BNB,542.2669355966566,2024-03-22 23:00:00
BNB,540.174487498947,2024-03-22 22:00:00
BNB,545.5062244715449,2024-03-22 21:00:00
BNB,550.5193719099816,2024-03-22 20:00:00
BNB,545.3868929120533,2024-03-22 19:00:00
BNB,549.258413205222,2024-03-22 18:00:00
BNB,552.0182466222865,2024-03-22 17:00:00
BNB,555.7324393955049,2024-03-22 16:00:00
BNB,544.1409621657585,2024-03-22 15:00:00
BNB,555.5502154619518,2024-03-22 14:00:00
BNB,561.6151028300753,2024-03-22 13:00:00
BNB,566.3625840840947,2024-03-22 12:00:00
BNB,569.9074856469384,2024-03-22 11:00:00
BNB,582.0333929279609,2024-03-22 10:00:00
BNB,576.9206707383195,2024-03-22 09:00:00
BNB,583.6104487751434,2024-03-22 08:00:00
BNB,582.9571866513119,2024-03-22 07:00:00
BNB,574.6920129087706,2024-03-22 06:00:00
BNB,578.2685830084406,2024-03-22 05:00:00
BNB,574.7837979553342,2024-03-22 04:00:00
BNB,568.6723333659846,2024-03-22 03:00:00
BNB,560.9228744739792,2024-03-22 02:00:00
BNB,562.2821953478908,2024-03-22 01:00:00
BNB,553.0049664443962,2024-03-22 00:00:00
BNB,553.9736630061594,2024-03-21 23:00:00
BNB,555.239491845243,2024-03-21 22:00:00
BNB,554.5471987661141,2024-03-21 21:00:00
BNB,553.0806093230324,2024-03-21 20:00:00
BNB,547.7211412637871,2024-03-21 19:00:00
BNB,552.4753792738792,2024-03-21 18:00:00
BNB,561.7491251671121,2024-03-21 17:00:00
BNB,558.2121664884313,2024-03-21 16:00:00
BNB,561.1002212626604,2024-03-21 15:00:00
BNB,561.2907610716312,2024-03-21 14:00:00
BNB,559.1543938862444,2024-03-21 13:00:00
BNB,559.5246976179616,2024-03-21 12:00:00
BNB,567.7895586113883,2024-03-21 11:00:00
BNB,554.1383951116775,2024-03-21 10:00:00
BNB,553.1931647347827,2024-03-21 09:00:00
BNB,550.4616610180067,2024-03-21 08:00:00
BNB,548.1635653014947,2024-03-21 07:00:00
BNB,552.263103603993,2024-03-21 06:00:00
BNB,549.1755816734106,2024-03-21 05:00:00
BNB,552.5693618210122,2024-03-21 04:00:00
BNB,559.2964914355867,2024-03-21 03:00:00
BNB,552.254872847235,2024-03-21 02:00:00
BNB,551.4360257735036,2024-03-21 01:00:00
BNB,555.0934250534169,2024-03-21 00:00:00
BNB,554.818344507301,2024-03-20 23:00:00
BNB,555.2996455008603,2024-03-20 22:00:00
BNB,547.6337464491828,2024-03-20 21:00:00
BNB,540.8633443938328,2024-03-20 20:00:00
BNB,537.4209205141797,2024-03-20 19:00:00
BNB,527.0708631463104,2024-03-20 18:00:00
BNB,515.1941034577893,2024-03-20 17:00:00
BNB,516.137846728156,2024-03-20 16:00:00
BNB,525.9752961896793,2024-03-20 15:00:00
BNB,529.910652430095,2024-03-20 14:00:00
BNB,534.1415873900147,2024-03-20 13:00:00
BNB,531.8922160745594,2024-03-20 12:00:00
BNB,527.5813694179978,2024-03-20 11:00:00
BNB,526.4264989807986,2024-03-20 10:00:00
BNB,524.981580799474,2024-03-20 09:00:00
BNB,532.8561493594,2024-03-20 08:00:00
BNB,514.5451472336581,2024-03-20 07:00:00
BNB,509.1279956618421,2024-03-20 06:00:00
BNB,510.2338794677469,2024-03-20 05:00:00
BNB,512.2396211383881,2024-03-20 04:00:00
BNB,514.7581732614647,2024-03-20 03:00:00
BNB,507.538878997708,2024-03-20 02:00:00
BNB,516.8196140881058,2024-03-20 01:00:00
BNB,507.24150172625673,2024-03-20 00:00:00
BNB,506.9495427430919,2024-03-19 23:00:00
BNB,520.0858014487909,2024-03-19 22:00:00
BNB,521.3089575373413,2024-03-19 21:00:00
BNB,531.663476382582,2024-03-19 20:00:00
BNB,528.9583131337067,2024-03-19 19:00:00
BNB,530.7548916587322,2024-03-19 18:00:00
BNB,533.3144991870874,2024-03-19 17:00:00
BNB,527.4321173285646,2024-03-19 16:00:00
BNB,515.3628314849911,2024-03-19 15:00:00
BNB,518.6868441437982,2024-03-19 14:00:00
BNB,519.0976727138489,2024-03-19 13:00:00
BNB,513.8501193501527,2024-03-19 12:00:00
BNB,508.5817438071734,2024-03-19 11:00:00
BNB,514.1473026497006,2024-03-19 10:00:00
BNB,509.4646835718549,2024-03-19 09:00:00
BNB,528.6553553578449,2024-03-19 08:00:00
BNB,522.0289664330977,2024-03-19 07:00:00
BNB,528.1105703625805,2024-03-19 06:00:00
BNB,529.4085543407957,2024-03-19 05:00:00
BNB,534.7905971357229,2024-03-19 04:00:00
BNB,534.2940669135897,2024-03-19 03:00:00
BNB,533.3421140956387,2024-03-19 02:00:00
BNB,546.3933205849918,2024-03-19 01:00:00
BNB,554.2073180923328,2024-03-19 00:00:00
BNB,553.6233656962074,2024-03-18 23:00:00
BNB,551.7863813732553,2024-03-18 22:00:00
BNB,552.8561134318721,2024-03-18 21:00:00
BNB,547.7947393606274,2024-03-18 20:00:00
BNB,549.218107915499,2024-03-18 19:00:00
BNB,550.1292813579431,2024-03-18 18:00:00
BNB,544.9832086671641,2024-03-18 17:00:00
BNB,552.1020659088801,2024-03-18 16:00:00
BNB,549.236423222453,2024-03-18 15:00:00
BNB,554.1408511325642,2024-03-18 14:00:00
BNB,567.9371024183332,2024-03-18 13:00:00
BNB,569.1608889188941,2024-03-18 12:00:00
BNB,570.6719776626671,2024-03-18 11:00:00
BNB,562.0570556324484,2024-03-18 10:00:00
BNB,572.8513707124148,2024-03-18 09:00:00
BNB,577.0182666890875,2024-03-18 08:00:00
BNB,584.2381482645317,2024-03-18 07:00:00
BNB,571.5440884888656,2024-03-18 06:00:00
BNB,567.4065155015529,2024-03-18 05:00:00
BNB,563.9331579181878,2024-03-18 04:00:00
BNB,561.7438624068451,2024-03-18 03:00:00
BNB,557.5660915034267,2024-03-18 02:00:00
BNB,556.5061178189686,2024-03-18 01:00:00
BNB,570.6196289013809,2024-03-18 00:00:00
BNB,576.5370185306571,2024-03-17 23:00:00
BNB,575.209320372683,2024-03-17 22:00:00
BNB,577.943715921987,2024-03-17 21:00:00
BNB,581.5200080894712,2024-03-17 20:00:00
BNB,576.9464958425651,2024-03-17 19:00:00
BNB,585.4444779226487,2024-03-17 18:00:00
BNB,584.2916818853915,2024-03-17 17:00:00
BNB,587.1102276796747,2024-03-17 16:00:00
BNB,576.4833315432143,2024-03-17 15:00:00
BNB,571.6777041074321,2024-03-17 14:00:00
BNB,566.6561821086184,2024-03-17 13:00:00
BNB,572.8163486531706,2024-03-17 12:00:00
BNB,575.1688921158114,2024-03-17 11:00:00
BNB,570.0308707176441,2024-03-17 10:00:00
BNB,571.0648941033165,2024-03-17 09:00:00
BNB,559.5748269754723,2024-03-17 08:00:00
BNB,559.4193279997932,2024-03-17 07:00:00
BNB,573.8087780597347,2024-03-17 06:00:00
BNB,580.2834833592193,2024-03-17 05:00:00
BNB,588.1960721776464,2024-03-17 04:00:00
BNB,586.387669063834,2024-03-17 03:00:00
BNB,582.0643680735628,2024-03-17 02:00:00
BNB,575.0097718318099,2024-03-17 01:00:00
BNB,576.0636857305076,2024-03-17 00:00:00
BNB,584.5754601506562,2024-03-16 23:00:00
BNB,583.331886431358,2024-03-16 22:00:00
BNB,588.0500523244892,2024-03-16 21:00:00
BNB,581.8941450033125,2024-03-16 20:00:00
BNB,581.1584385510265,2024-03-16 19:00:00
BNB,584.1928088485789,2024-03-16 18:00:00
BNB,594.3275327724176,2024-03-16 17:00:00
BNB,600.39765876806,2024-03-16 16:00:00
BNB,596.9363375084712,2024-03-16 15:00:00
BNB,592.3107962039613,2024-03-16 14:00:00
BNB,600.1810275354811,2024-03-16 13:00:00
BNB,608.9148246011347,2024-03-16 12:00:00
BNB,613.4763372464768,2024-03-16 11:00:00
BNB,615.2942960050126,2024-03-16 10:00:00
BNB,612.3014011863673,2024-03-16 09:00:00
BNB,613.0543407072773,2024-03-16 08:00:00
BNB,611.9183590798489,2024-03-16 07:00:00
BNB,613.2104321519298,2024-03-16 06:00:00
BNB,616.0010953397721,2024-03-16 05:00:00
BNB,613.6656927568109,2024-03-16 04:00:00
BNB,616.8769954262978,2024-03-16 03:00:00
BNB,614.1556178033293,2024-03-16 02:00:00
BNB,619.0430550171856,2024-03-16 01:00:00
BNB,629.0267551771823,2024-03-16 00:00:00
BNB,604.784988282816,2024-03-15 23:00:00
BNB,592.0206378328944,2024-03-15 22:00:00
BNB,585.7179343139627,2024-03-15 21:00:00
BNB,596.0887502846947,2024-03-15 20:00:00
BNB,613.5303262389518,2024-03-15 19:00:00
BNB,599.375864088063,2024-03-15 18:00:00
BNB,593.2139038689254,2024-03-15 17:00:00
BNB,596.3190743962648,2024-03-15 16:00:00
BNB,587.3659007136114,2024-03-15 15:00:00
BNB,582.6692372987756,2024-03-15 14:00:00
BNB,579.9405650775653,2024-03-15 13:00:00
BNB,582.4250766398146,2024-03-15 12:00:00
BNB,576.7827200762204,2024-03-15 11:00:00
BNB,569.628300107362,2024-03-15 10:00:00
BNB,564.1205429281941,2024-03-15 09:00:00
BNB,581.8794377895474,2024-03-15 08:00:00
BNB,583.7669425968905,2024-03-15 07:00:00
BNB,571.8548770085348,2024-03-15 06:00:00
BNB,577.6606178604708,2024-03-15 05:00:00
BNB,580.3886711782887,2024-03-15 04:00:00
BNB,580.3672641157002,2024-03-15 03:00:00
BNB,600.6050366659528,2024-03-15 02:00:00
BNB,607.2725459298994,2024-03-15 01:00:00
BNB,602.399011240003,2024-03-15 00:00:00
BNB,603.2857068480447,2024-03-14 23:00:00
BNB,602.0814197843822,2024-03-14 22:00:00
BNB,596.2215791727209,2024-03-14 21:00:00
BNB,577.7393717335099,2024-03-14 20:00:00
BNB,584.9901906122544,2024-03-14 19:00:00
BNB,594.150520898044,2024-03-14 18:00:00
BNB,597.3543213041581,2024-03-14 17:00:00
BNB,592.0300026614603,2024-03-14 16:00:00
BNB,600.4873165291255,2024-03-14 15:00:00
BNB,591.4902295581751,2024-03-14 14:00:00
BNB,603.6871072940639,2024-03-14 13:00:00
BNB,605.4112626306368,2024-03-14 12:00:00
BNB,608.7791871013396,2024-03-14 11:00:00
BNB,610.4271623413969,2024-03-14 10:00:00
BNB,609.5694083759471,2024-03-14 09:00:00
BNB,609.0068511951384,2024-03-14 08:00:00
BNB,618.581855438799,2024-03-14 07:00:00
BNB,617.1269277009636,2024-03-14 06:00:00
BNB,611.2329158198944,2024-03-14 05:00:00
BNB,613.7798827547765,2024-03-14 04:00:00
BNB,617.7856554479065,2024-03-14 03:00:00
BNB,619.3859567794382,2024-03-14 02:00:00
BNB,618.1964092581396,2024-03-14 01:00:00
BNB,628.4543092213498,2024-03-14 00:00:00
BNB,615.906937072778,2024-03-13 23:00:00
BNB,596.3722092320206,2024-03-13 22:00:00
BNB,599.419754091422,2024-03-13 21:00:00
BNB,597.2229808224871,2024-03-13 20:00:00
BNB,593.1961014128937,2024-03-13 19:00:00
BNB,590.2549602272705,2024-03-13 18:00:00
BNB,587.5538574587579,2024-03-13 17:00:00
BNB,583.2301328975745,2024-03-13 16:00:00
BNB,583.9291312596828,2024-03-13 15:00:00
BNB,578.8408420752647,2024-03-13 14:00:00
BNB,593.8137710756683,2024-03-13 13:00:00
BNB,594.8319453556127,2024-03-13 12:00:00
BNB,584.4411314096618,2024-03-13 11:00:00
BNB,575.1699895756427,2024-03-13 10:00:00
BNB,574.2105225674558,2024-03-13 09:00:00
BNB,560.2850442400477,2024-03-13 08:00:00
BNB,549.8416449533562,2024-03-13 07:00:00
BNB,539.3779442739892,2024-03-13 06:00:00
BNB,539.13962473385,2024-03-13 05:00:00
BNB,537.4896148495899,2024-03-13 04:00:00
BNB,535.4894546282273,2024-03-13 03:00:00
BNB,533.782524721928,2024-03-13 02:00:00
BNB,534.0608670823841,2024-03-13 01:00:00
BNB,538.4508862356687,2024-03-13 00:00:00
BNB,536.3867431089709,2024-03-12 23:00:00
BNB,537.4305596102317,2024-03-12 22:00:00
BNB,536.915364823206,2024-03-12 21:00:00
BNB,540.6544283009296,2024-03-12 20:00:00
BNB,543.651555079782,2024-03-12 19:00:00
BNB,539.0649676719005,2024-03-12 18:00:00
BNB,536.9830003831916,2024-03-12 17:00:00
BNB,541.5249973775555,2024-03-12 16:00:00
BNB,540.0802503447927,2024-03-12 15:00:00
BNB,527.6696736933753,2024-03-12 14:00:00
BNB,530.0380814744136,2024-03-12 13:00:00
BNB,530.604813824395,2024-03-12 12:00:00
BNB,527.1455900975761,2024-03-12 11:00:00
BNB,531.3279782084251,2024-03-12 10:00:00
BNB,528.6135104531438,2024-03-12 09:00:00
BNB,537.3368970483301,2024-03-12 08:00:00
BNB,537.4794265504892,2024-03-12 07:00:00
BNB,538.3472343281237,2024-03-12 06:00:00
BNB,539.185272667505,2024-03-12 05:00:00
BNB,533.5113578877249,2024-03-12 04:00:00
BNB,529.7355855825214,2024-03-12 03:00:00
BNB,525.8047302898997,2024-03-12 02:00:00
BNB,524.2853045180183,2024-03-12 01:00:00
BNB,522.8420431012881,2024-03-12 00:00:00
BNB,520.561329544248,2024-03-11 23:00:00
BNB,521.1296037816504,2024-03-11 22:00:00
BNB,520.1078880828846,2024-03-11 21:00:00
BNB,518.2027587652212,2024-03-11 20:00:00
BNB,519.6176228645237,2024-03-11 19:00:00
BNB,519.8175301974217,2024-03-11 18:00:00
BNB,517.9563885894695,2024-03-11 17:00:00
BNB,518.048183294176,2024-03-11 16:00:00
BNB,517.1543833442801,2024-03-11 15:00:00
BNB,515.5526144491022,2024-03-11 14:00:00
BNB,523.9082755047335,2024-03-11 13:00:00
BNB,521.88035659764,2024-03-11 12:00:00
BNB,525.3366683484836,2024-03-11 11:00:00
BNB,529.6448875718559,2024-03-11 10:00:00
BNB,530.0769939440104,2024-03-11 09:00:00
BNB,530.8623795588678,2024-03-11 08:00:00
BNB,518.3390468377911,2024-03-11 07:00:00
BNB,521.7324493002844,2024-03-11 06:00:00
BNB,521.1820707165898,2024-03-11 05:00:00
BNB,522.2993283503706,2024-03-11 04:00:00
BNB,513.209171155968,2024-03-11 03:00:00
BNB,514.992704279475,2024-03-11 02:00:00
BNB,517.9698436989271,2024-03-11 01:00:00
BNB,528.9501964460305,2024-03-11 00:00:00
BNB,520.4643547195989,2024-03-10 23:00:00
BNB,529.3794595208999,2024-03-10 22:00:00
BNB,530.1157296700374,2024-03-10 21:00:00
BNB,531.1209731300094,2024-03-10 20:00:00
BNB,527.5351530732909,2024-03-10 19:00:00
BNB,530.9239983160131,2024-03-10 18:00:00
BNB,528.2690845061031,2024-03-10 17:00:00
BNB,524.3110930066267,2024-03-10 16:00:00
BNB,525.7539267211059,2024-03-10 15:00:00
BNB,527.1868149558172,2024-03-10 14:00:00
BNB,530.7685739640406,2024-03-10 13:00:00
BNB,535.083157720376,2024-03-10 12:00:00
BNB,533.0535430158378,2024-03-10 11:00:00
BNB,523.9451265762385,2024-03-10 10:00:00
BNB,508.1539172942809,2024-03-10 09:00:00
BNB,502.9206057317092,2024-03-10 08:00:00
BNB,495.1720952676525,2024-03-10 07:00:00
BNB,494.3234561423272,2024-03-10 06:00:00
BNB,492.67571315864313,2024-03-10 05:00:00
BNB,489.31737376444136,2024-03-10 04:00:00
BNB,487.559452614556,2024-03-10 03:00:00
BNB,489.48863798253205,2024-03-10 02:00:00
BNB,489.5962549341079,2024-03-10 01:00:00
BNB,489.62811935237806,2024-03-10 00:00:00
BNB,488.517355001835,2024-03-09 23:00:00
BNB,486.9743946211505,2024-03-09 22:00:00
BNB,487.7300410132624,2024-03-09 21:00:00
BNB,483.7287191355071,2024-03-09 20:00:00
BNB,485.293752856672,2024-03-09 19:00:00
BNB,482.700222422003,2024-03-09 18:00:00
BNB,485.8134910751796,2024-03-09 17:00:00
BNB,486.4660918650263,2024-03-09 16:00:00
BNB,486.45739540182205,2024-03-09 15:00:00
BNB,487.11693030625486,2024-03-09 14:00:00
BNB,488.29826586014815,2024-03-09 13:00:00
BNB,488.7988613203722,2024-03-09 12:00:00
BNB,488.73333021396815,2024-03-09 11:00:00
BNB,488.7066053816667,2024-03-09 10:00:00
BNB,486.7696490073988,2024-03-09 09:00:00
BNB,488.9658038400734,2024-03-09 08:00:00
BNB,489.27924669871214,2024-03-09 07:00:00
BNB,487.6398768450592,2024-03-09 06:00:00
BNB,489.7473209666274,2024-03-09 05:00:00
BNB,491.0559486097338,2024-03-09 04:00:00
BNB,487.00307142652713,2024-03-09 03:00:00
BNB,484.0126760490889,2024-03-09 02:00:00
BNB,485.532458394513,2024-03-09 01:00:00
BNB,485.9115236804449,2024-03-09 00:00:00
BNB,481.797640943948,2024-03-08 23:00:00
BNB,481.081242631187,2024-03-08 22:00:00
BNB,484.3025431451644,2024-03-08 21:00:00
BNB,485.5770071793053,2024-03-08 20:00:00
BNB,485.4523647161227,2024-03-08 19:00:00
BNB,483.4800268569075,2024-03-08 18:00:00
BNB,479.86032244055184,2024-03-08 17:00:00
BNB,477.7469487834688,2024-03-08 16:00:00
BNB,487.9982324215256,2024-03-08 15:00:00
BNB,486.6526840352778,2024-03-08 14:00:00
BNB,480.4346313963449,2024-03-08 13:00:00
BNB,474.0033682774587,2024-03-08 12:00:00
BNB,471.92377899486735,2024-03-08 11:00:00
BNB,472.47521201168746,2024-03-08 10:00:00
BNB,471.5853935580468,2024-03-08 09:00:00
BNB,468.3935209461423,2024-03-08 08:00:00
BNB,471.7734396258935,2024-03-08 07:00:00
BNB,468.60726740062745,2024-03-08 06:00:00
BNB,469.8214533765928,2024-03-08 05:00:00
BNB,465.6059253362276,2024-03-08 04:00:00
BNB,467.7251835431964,2024-03-08 03:00:00
BNB,471.6976246653142,2024-03-08 02:00:00
BNB,471.4239762097405,2024-03-08 01:00:00
BNB,473.7639997411432,2024-03-08 00:00:00
BNB,469.0456910786345,2024-03-07 23:00:00
BNB,472.3639271302882,2024-03-07 22:00:00
BNB,470.0103804438836,2024-03-07 21:00:00
BNB,467.08474442280686,2024-03-07 20:00:00
BNB,463.5610785901286,2024-03-07 19:00:00
BNB,457.0549086203667,2024-03-07 18:00:00
BNB,452.78135772851743,2024-03-07 17:00:00
BNB,450.6780715443057,2024-03-07 16:00:00
BNB,445.3293497843696,2024-03-07 15:00:00
BNB,445.9783583560545,2024-03-07 14:00:00
BNB,440.12317932873015,2024-03-07 13:00:00
BNB,438.3994860773068,2024-03-07 12:00:00
BNB,436.96144475319113,2024-03-07 11:00:00
BNB,433.1545737106293,2024-03-07 10:00:00
BNB,432.14949433449465,2024-03-07 09:00:00
BNB,433.785607652935,2024-03-07 08:00:00
BNB,426.9097106584124,2024-03-07 07:00:00
BNB,424.6008756423532,2024-03-07 06:00:00
BNB,427.9484652204637,2024-03-07 05:00:00
BNB,427.8146022911771,2024-03-07 04:00:00
BNB,427.0642486453717,2024-03-07 03:00:00
BNB,431.0774798542632,2024-03-07 02:00:00
BNB,430.3761807400842,2024-03-07 01:00:00
BNB,428.6710857964888,2024-03-07 00:00:00
BNB,426.4442611862547,2024-03-06 23:00:00
BNB,428.2201475895215,2024-03-06 22:00:00
BNB,427.8501651020142,2024-03-06 21:00:00
BNB,425.3418774315416,2024-03-06 20:00:00
BNB,425.2813885033114,2024-03-06 19:00:00
BNB,424.64506109315664,2024-03-06 18:00:00
BNB,424.0380391856638,2024-03-06 17:00:00
BNB,419.7151355730064,2024-03-06 16:00:00
BNB,417.7331217575506,2024-03-06 15:00:00
BNB,425.62396007826175,2024-03-06 14:00:00
BNB,419.79977101634256,2024-03-06 13:00:00
BNB,429.2274264055876,2024-03-06 12:00:00
BNB,429.65224211862056,2024-03-06 11:00:00
BNB,407.267625155422,2024-03-06 10:00:00
BNB,411.8203161432956,2024-03-06 09:00:00
BNB,411.6629093199948,2024-03-06 08:00:00
BNB,402.52131500076814,2024-03-06 07:00:00
BNB,406.8664943106773,2024-03-06 06:00:00
BNB,404.6145650756653,2024-03-06 05:00:00
BNB,391.5325166550285,2024-03-06 04:00:00
BNB,385.7259258517087,2024-03-06 03:00:00
BNB,391.6208883171944,2024-03-06 02:00:00
BNB,394.7290596619191,2024-03-06 01:00:00
BNB,396.6567264804029,2024-03-06 00:00:00
BNB,389.04962384201554,2024-03-05 23:00:00
BNB,390.3253669651061,2024-03-05 22:00:00
BNB,381.6856180169956,2024-03-05 21:00:00
BNB,375.4116710794941,2024-03-05 20:00:00
BNB,403.6823045328335,2024-03-05 19:00:00
BNB,407.89751030853887,2024-03-05 18:00:00
BNB,408.3065708637996,2024-03-05 17:00:00
BNB,416.38806646986137,2024-03-05 16:00:00
BNB,421.3230770474652,2024-03-05 15:00:00
BNB,420.5211918692873,2024-03-05 14:00:00
BNB,420.6756461495198,2024-03-05 13:00:00
BNB,418.5626534356827,2024-03-05 12:00:00
BNB,420.0168624090376,2024-03-05 11:00:00
BNB,418.0786610892626,2024-03-05 10:00:00
BNB,419.3376859985863,2024-03-05 09:00:00
BNB,417.2573668564112,2024-03-05 08:00:00
BNB,421.7037176417,2024-03-05 07:00:00
BNB,424.3788744923201,2024-03-05 06:00:00
BNB,423.2195621244409,2024-03-05 05:00:00
BNB,421.2601408738679,2024-03-05 04:00:00
BNB,418.4214495013323,2024-03-05 03:00:00
BNB,421.75428128151367,2024-03-05 02:00:00
BNB,421.1914472889763,2024-03-05 01:00:00
BNB,418.9936160839087,2024-03-05 00:00:00
BNB,419.4325265043211,2024-03-04 23:00:00
BNB,416.789756119422,2024-03-04 22:00:00
BNB,417.6784424240868,2024-03-04 21:00:00
BNB,416.66200154339305,2024-03-04 20:00:00
BNB,414.6000173334072,2024-03-04 19:00:00
BNB,414.3177869219484,2024-03-04 18:00:00
BNB,417.1409355165435,2024-03-04 17:00:00
BNB,419.6700499209328,2024-03-04 16:00:00
BNB,418.3515530624085,2024-03-04 15:00:00
BNB,415.95662244713657,2024-03-04 14:00:00
BNB,418.7555271225612,2024-03-04 13:00:00
BNB,418.6875204361043,2024-03-04 12:00:00
BNB,418.573475895372,2024-03-04 11:00:00
BNB,421.6542640512679,2024-03-04 10:00:00
BNB,422.494634645925,2024-03-04 09:00:00
BNB,417.2395835242457,2024-03-04 08:00:00
BNB,415.2482273837199,2024-03-04 07:00:00
BNB,414.7399025017536,2024-03-04 06:00:00
BNB,415.21909229028086,2024-03-04 05:00:00
BNB,414.598860166996,2024-03-04 04:00:00
BNB,415.0148554508345,2024-03-04 03:00:00
BNB,414.7802459252952,2024-03-04 02:00:00
BNB,412.127420329542,2024-03-04 01:00:00
BNB,414.1969057841646,2024-03-04 00:00:00
BNB,414.0310437305656,2024-03-03 23:00:00
BNB,416.1137667188221,2024-03-03 22:00:00
BNB,414.4913371977793,2024-03-03 21:00:00
BNB,413.6487090853996,2024-03-03 20:00:00
BNB,414.2823934322215,2024-03-03 19:00:00
BNB,414.5218217086498,2024-03-03 18:00:00
BNB,415.90857699024593,2024-03-03 17:00:00
BNB,414.0007037236219,2024-03-03 16:00:00
BNB,413.3182630654276,2024-03-03 15:00:00
BNB,413.05109301365707,2024-03-03 14:00:00
BNB,413.5338571497803,2024-03-03 13:00:00
BNB,413.06061012217486,2024-03-03 12:00:00
BNB,411.9229845228851,2024-03-03 11:00:00
BNB,411.83286358478153,2024-03-03 10:00:00
BNB,407.7083905776933,2024-03-03 09:00:00
BNB,407.95382472084646,2024-03-03 08:00:00
BNB,411.5684114708721,2024-03-03 07:00:00
BNB,411.4304918981613,2024-03-03 06:00:00
BNB,411.919014424712,2024-03-03 05:00:00
BNB,410.2903955055498,2024-03-03 04:00:00
BNB,409.68637415657327,2024-03-03 03:00:00
BNB,410.33304491373593,2024-03-03 02:00:00
BNB,410.9654010718013,2024-03-03 01:00:00
BNB,410.8365341154477,2024-03-03 00:00:00
BNB,408.9742974066679,2024-03-02 23:00:00
BNB,409.15133075898,2024-03-02 22:00:00
BNB,408.76139242530127,2024-03-02 21:00:00
BNB,410.1282506603189,2024-03-02 20:00:00
BNB,409.7999380795533,2024-03-02 19:00:00
BNB,408.089540095628,2024-03-02 18:00:00
BNB,407.6832663304232,2024-03-02 17:00:00
BNB,408.4527043400885,2024-03-02 16:00:00
BNB,409.6473048424071,2024-03-02 15:00:00
BNB,411.5238731596149,2024-03-02 14:00:00
BNB,411.0523581251821,2024-03-02 13:00:00
BNB,408.7919250854709,2024-03-02 12:00:00
BNB,408.125576037,2024-03-02 11:00:00
BNB,407.3438282083023,2024-03-02 10:00:00
BNB,409.3967320045319,2024-03-02 09:00:00
BNB,409.7328725057095,2024-03-02 08:00:00
BNB,409.5798212140946,2024-03-02 07:00:00
BNB,409.9706223733323,2024-03-02 06:00:00
BNB,411.262154630976,2024-03-02 05:00:00
BNB,411.86200660317314,2024-03-02 04:00:00
BNB,409.4259241359753,2024-03-02 03:00:00
BNB,407.9934490368215,2024-03-02 02:00:00
BNB,410.2195373914476,2024-03-02 01:00:00
BNB,407.5405297804759,2024-03-02 00:00:00
BNB,407.2345196658648,2024-03-01 23:00:00
BNB,406.42189839342456,2024-03-01 22:00:00
BNB,409.3781997433538,2024-03-01 21:00:00
BNB,406.40741513687,2024-03-01 20:00:00
BNB,406.7850994842273,2024-03-01 19:00:00
BNB,405.8757034953856,2024-03-01 18:00:00
BNB,403.6791349194744,2024-03-01 17:00:00
BNB,401.5991306040588,2024-03-01 16:00:00
BNB,405.2502074478571,2024-03-01 15:00:00
BNB,407.4018029648743,2024-03-01 14:00:00
BNB,405.7717164183977,2024-03-01 13:00:00
BNB,406.3461035353307,2024-03-01 12:00:00
BNB,407.3648103350915,2024-03-01 11:00:00
BNB,408.1664806142308,2024-03-01 10:00:00
BNB,406.6126263770466,2024-03-01 09:00:00
BNB,402.9107655518479,2024-03-01 08:00:00
BNB,405.01402084515183,2024-03-01 07:00:00
BNB,405.5231900480989,2024-03-01 06:00:00
BNB,407.13400697512304,2024-03-01 05:00:00
BNB,405.5506027754646,2024-03-01 04:00:00
BNB,405.6603966700946,2024-03-01 03:00:00
BNB,403.5839538025127,2024-03-01 02:00:00
BNB,403.8006869422936,2024-03-01 01:00:00
BNB,399.78649632596665,2024-03-01 00:00:00
BNB,396.6100058704079,2024-02-29 23:00:00
BNB,402.188101217756,2024-02-29 22:00:00
BNB,406.818186762003,2024-02-29 21:00:00
BNB,406.2406651800137,2024-02-29 20:00:00
BNB,403.5608555392675,2024-02-29 19:00:00
BNB,403.1036293979831,2024-02-29 18:00:00
BNB,407.3271520356236,2024-02-29 17:00:00
BNB,407.542781550082,2024-02-29 16:00:00
BNB,407.358420776562,2024-02-29 15:00:00
BNB,410.2955758519741,2024-02-29 14:00:00
BNB,408.65704387624805,2024-02-29 13:00:00
BNB,410.5210477816103,2024-02-29 12:00:00
BNB,413.0360171524664,2024-02-29 11:00:00
BNB,410.985395807276,2024-02-29 10:00:00
BNB,414.9076970619261,2024-02-29 09:00:00
BNB,415.16885950498704,2024-02-29 08:00:00
BNB,414.7039296762237,2024-02-29 07:00:00
BNB,414.9922150938789,2024-02-29 06:00:00
BNB,415.3139280907352,2024-02-29 05:00:00
BNB,413.5716572036591,2024-02-29 04:00:00
BNB,412.10037459040825,2024-02-29 03:00:00
BNB,413.8768519128841,2024-02-29 02:00:00
BNB,415.3039083867848,2024-02-29 01:00:00
BNB,415.5245240472292,2024-02-29 00:00:00
BNB,412.1308118915221,2024-02-28 23:00:00
BNB,410.1003122096293,2024-02-28 22:00:00
BNB,409.5765461831342,2024-02-28 21:00:00
BNB,409.1742435944088,2024-02-28 20:00:00
BNB,411.1140658130963,2024-02-28 19:00:00
BNB,411.1066440315576,2024-02-28 18:00:00
BNB,423.0751963535796,2024-02-28 17:00:00
BNB,413.0196224472279,2024-02-28 16:00:00
BNB,416.5546407295172,2024-02-28 15:00:00
BNB,413.0719504669058,2024-02-28 14:00:00
BNB,407.88368419521214,2024-02-28 13:00:00
BNB,405.9907818153958,2024-02-28 12:00:00
BNB,409.6588608322001,2024-02-28 11:00:00
BNB,413.8373943773121,2024-02-28 10:00:00
BNB,405.7340452921052,2024-02-28 09:00:00
BNB,401.556640984983,2024-02-28 08:00:00
BNB,398.1258852299788,2024-02-28 07:00:00
BNB,397.8152492958103,2024-02-28 06:00:00
BNB,397.87166713094047,2024-02-28 05:00:00
BNB,396.09069273503377,2024-02-28 04:00:00
BNB,396.8404010488517,2024-02-28 03:00:00
BNB,395.01292969398,2024-02-28 02:00:00
BNB,395.3251439388226,2024-02-28 01:00:00
BNB,395.2873518237669,2024-02-28 00:00:00
BNB,395.759161589148,2024-02-27 23:00:00
BNB,395.1503747632989,2024-02-27 22:00:00
BNB,394.8476428214889,2024-02-27 21:00:00
BNB,395.02823558089534,2024-02-27 20:00:00
BNB,395.02727688081103,2024-02-27 19:00:00
BNB,391.9113648273737,2024-02-27 18:00:00
BNB,394.0968704821955,2024-02-27 17:00:00
BNB,393.4131354791248,2024-02-27 16:00:00
BNB,395.15906186116246,2024-02-27 15:00:00
BNB,397.81969080650987,2024-02-27 14:00:00
BNB,398.3107238084641,2024-02-27 13:00:00
BNB,399.2640445867585,2024-02-27 12:00:00
BNB,399.0149974033356,2024-02-27 11:00:00
BNB,398.98314672934936,2024-02-27 10:00:00
BNB,397.75604452709865,2024-02-27 09:00:00
BNB,396.3740471893591,2024-02-27 08:00:00
BNB,398.9838111285901,2024-02-27 07:00:00
BNB,398.8677473169848,2024-02-27 06:00:00
BNB,398.352601929622,2024-02-27 05:00:00
BNB,397.7168632093167,2024-02-27 04:00:00
BNB,401.4123236540249,2024-02-27 03:00:00
BNB,403.3683883676816,2024-02-27 02:00:00
BNB,401.779327796238,2024-02-27 01:00:00
BNB,401.2142854224812,2024-02-27 00:00:00
BNB,401.7230454466844,2024-02-26 23:00:00
BNB,401.81789898013454,2024-02-26 22:00:00
BNB,403.8008575399199,2024-02-26 21:00:00
BNB,398.7469139530845,2024-02-26 20:00:00
BNB,396.3121773106467,2024-02-26 19:00:00
BNB,398.2008585619502,2024-02-26 18:00:00
BNB,398.900734843816,2024-02-26 17:00:00
BNB,396.9244028970804,2024-02-26 16:00:00
BNB,398.64800678509454,2024-02-26 15:00:00
BNB,393.41902522923226,2024-02-26 14:00:00
BNB,390.2912496815807,2024-02-26 13:00:00
BNB,390.4469497605128,2024-02-26 12:00:00
BNB,387.9942476794452,2024-02-26 11:00:00
BNB,384.9152458578605,2024-02-26 10:00:00
BNB,388.684516046575,2024-02-26 09:00:00
BNB,386.0491266030984,2024-02-26 08:00:00
BNB,386.9361939361448,2024-02-26 07:00:00
BNB,385.42055838046537,2024-02-26 06:00:00
BNB,386.2476788672336,2024-02-26 05:00:00
BNB,384.5637504937409,2024-02-26 04:00:00
BNB,383.7616667435567,2024-02-26 03:00:00
BNB,385.1347938537351,2024-02-26 02:00:00
BNB,389.0764851707804,2024-02-26 01:00:00
BNB,388.4407050922249,2024-02-26 00:00:00
BNB,389.0677689025526,2024-02-25 23:00:00
BNB,389.023375055824,2024-02-25 22:00:00
BNB,388.3571062782588,2024-02-25 21:00:00
BNB,388.3850818019938,2024-02-25 20:00:00
BNB,386.4108711687204,2024-02-25 19:00:00
BNB,385.84872659938463,2024-02-25 18:00:00
BNB,384.2568160191999,2024-02-25 17:00:00
BNB,384.6109336515483,2024-02-25 16:00:00
BNB,384.7190506049392,2024-02-25 15:00:00
BNB,384.1420990630515,2024-02-25 14:00:00
BNB,385.1066998811205,2024-02-25 13:00:00
BNB,385.2709151562526,2024-02-25 12:00:00
BNB,379.7536118861619,2024-02-25 11:00:00
BNB,379.351313891688,2024-02-25 10:00:00
BNB,380.1653822100344,2024-02-25 09:00:00
BNB,380.74845656758737,2024-02-25 08:00:00
BNB,380.5187190192596,2024-02-25 07:00:00
BNB,379.51323664923416,2024-02-25 06:00:00
BNB,378.9931632399314,2024-02-25 05:00:00
BNB,379.552879208722,2024-02-25 04:00:00
BNB,380.1636771200267,2024-02-25 03:00:00
BNB,380.7205402666654,2024-02-25 02:00:00
BNB,380.8558628260381,2024-02-25 01:00:00
BNB,381.9276527408514,2024-02-25 00:00:00
BNB,381.5291954834371,2024-02-24 23:00:00
BNB,382.1499572043983,2024-02-24 22:00:00
BNB,382.2181792161593,2024-02-24 21:00:00
BNB,382.20318104025455,2024-02-24 20:00:00
BNB,382.18974257984985,2024-02-24 19:00:00
BNB,382.85442737334535,2024-02-24 18:00:00
BNB,380.14680384456375,2024-02-24 17:00:00
BNB,379.28130559345686,2024-02-24 16:00:00
BNB,379.97403072336897,2024-02-24 15:00:00
BNB,380.1739859979376,2024-02-24 14:00:00
BNB,379.6299130635514,2024-02-24 13:00:00
BNB,380.7861906697991,2024-02-24 12:00:00
BNB,381.6255675206736,2024-02-24 11:00:00
BNB,379.5232745541771,2024-02-24 10:00:00
BNB,380.4061722236194,2024-02-24 09:00:00
BNB,379.3036294622626,2024-02-24 08:00:00
BNB,379.134554858169,2024-02-24 07:00:00
BNB,379.85271127060986,2024-02-24 06:00:00
BNB,379.0297198180608,2024-02-24 05:00:00
BNB,377.4580707446206,2024-02-24 04:00:00
BNB,375.2803148242314,2024-02-24 03:00:00
BNB,372.1642196763926,2024-02-24 02:00:00
BNB,376.93283498343567,2024-02-24 01:00:00
BNB,375.42971250175134,2024-02-24 00:00:00
BNB,373.6656333236999,2024-02-23 23:00:00
BNB,375.7979644958447,2024-02-23 22:00:00
BNB,376.5323127622153,2024-02-23 21:00:00
BNB,377.1022974706498,2024-02-23 20:00:00
BNB,375.2775312791904,2024-02-23 19:00:00
BNB,374.8474480652373,2024-02-23 18:00:00
BNB,374.0588705837071,2024-02-23 17:00:00
BNB,372.53165277536726,2024-02-23 16:00:00
BNB,376.6593946697703,2024-02-23 15:00:00
BNB,374.7964967518982,2024-02-23 14:00:00
BNB,373.9939739507251,2024-02-23 13:00:00
BNB,376.3944590243816,2024-02-23 12:00:00
BNB,376.9157792781813,2024-02-23 11:00:00
BNB,376.4142445117122,2024-02-23 10:00:00
BNB,377.7009848483793,2024-02-23 09:00:00
BNB,376.6621854647279,2024-02-23 08:00:00
BNB,382.9030060037855,2024-02-23 07:00:00
BNB,380.27028519652896,2024-02-23 06:00:00
BNB,378.71405440951474,2024-02-23 05:00:00
BNB,378.62760703899744,2024-02-23 04:00:00
BNB,379.9134769038447,2024-02-23 03:00:00
BNB,383.6881106653241,2024-02-23 02:00:00
BNB,385.47448200628565,2024-02-23 01:00:00
BNB,382.1413995274651,2024-02-23 00:00:00
BNB,384.31821410347743,2024-02-22 23:00:00
BNB,382.4429850643104,2024-02-22 22:00:00
BNB,385.6330737657257,2024-02-22 21:00:00
BNB,381.7314652492728,2024-02-22 20:00:00
BNB,381.7101704235697,2024-02-22 19:00:00
BNB,380.63465970706585,2024-02-22 18:00:00
BNB,377.9638612057626,2024-02-22 17:00:00
BNB,380.7196685813515,2024-02-22 16:00:00
BNB,380.9028930577379,2024-02-22 15:00:00
BNB,377.72013440501786,2024-02-22 14:00:00
BNB,381.43982188286896,2024-02-22 13:00:00
BNB,382.29874654527606,2024-02-22 12:00:00
BNB,381.3352947874786,2024-02-22 11:00:00
BNB,383.0757430982167,2024-02-22 10:00:00
BNB,381.97216312486427,2024-02-22 09:00:00
BNB,379.16843355694215,2024-02-22 08:00:00
BNB,381.0662169418175,2024-02-22 07:00:00
BNB,377.8392283751576,2024-02-22 06:00:00
BNB,375.92286941614833,2024-02-22 05:00:00
BNB,375.4178015992989,2024-02-22 04:00:00
BNB,376.46272640027854,2024-02-22 03:00:00
BNB,378.7976581449281,2024-02-22 02:00:00
BNB,382.94702390253616,2024-02-22 01:00:00
BNB,378.9295030528572,2024-02-22 00:00:00
BNB,375.24139834575226,2024-02-21 23:00:00
BNB,373.8873166644802,2024-02-21 22:00:00
BNB,371.8577794497044,2024-02-21 21:00:00
BNB,370.9428696051223,2024-02-21 20:00:00
BNB,367.0008621978872,2024-02-21 19:00:00
BNB,368.9968890673412,2024-02-21 18:00:00
BNB,371.81134386185465,2024-02-21 17:00:00
BNB,368.51366980838856,2024-02-21 16:00:00
BNB,368.92626668820674,2024-02-21 15:00:00
BNB,370.53927575248144,2024-02-21 14:00:00
BNB,370.9478449488883,2024-02-21 13:00:00
BNB,364.0498882268584,2024-02-21 12:00:00
BNB,364.2792421595478,2024-02-21 11:00:00
BNB,361.1104720928547,2024-02-21 10:00:00
BNB,363.9771985799069,2024-02-21 09:00:00
BNB,358.9318290443154,2024-02-21 08:00:00
BNB,352.5603080329113,2024-02-21 07:00:00
BNB,354.3371261941596,2024-02-21 06:00:00
BNB,353.4252026957418,2024-02-21 05:00:00
BNB,353.43715517004307,2024-02-21 04:00:00
BNB,353.69587340677595,2024-02-21 03:00:00
BNB,353.65924593856096,2024-02-21 02:00:00
BNB,354.4165392409824,2024-02-21 01:00:00
BNB,354.848890065686,2024-02-21 00:00:00
BNB,354.4736770898996,2024-02-20 23:00:00
BNB,353.9342505436268,2024-02-20 22:00:00
BNB,353.59311483514256,2024-02-20 21:00:00
BNB,353.9297774263435,2024-02-20 20:00:00
BNB,350.4989628254532,2024-02-20 19:00:00
BNB,349.1436408569275,2024-02-20 18:00:00
BNB,348.91199907598656,2024-02-20 17:00:00
BNB,351.42264918850475,2024-02-20 16:00:00
BNB,354.45385293237223,2024-02-20 15:00:00
BNB,359.1848673862892,2024-02-20 14:00:00
BNB,355.92214296073126,2024-02-20 13:00:00
BNB,358.0905287606898,2024-02-20 12:00:00
BNB,356.7815307809488,2024-02-20 11:00:00
BNB,354.2763879081039,2024-02-20 10:00:00
BNB,356.3098236071121,2024-02-20 09:00:00
BNB,358.42869719800524,2024-02-20 08:00:00
BNB,357.52397802616605,2024-02-20 07:00:00
BNB,357.3608820725524,2024-02-20 06:00:00
BNB,354.8944662967949,2024-02-20 05:00:00
BNB,353.6697143290102,2024-02-20 04:00:00
BNB,354.04753876096333,2024-02-20 03:00:00
BNB,353.68978720778097,2024-02-20 02:00:00
BNB,352.0519319318563,2024-02-20 01:00:00
BNB,352.0138097953321,2024-02-20 00:00:00
BNB,353.62584877177045,2024-02-19 23:00:00
BNB,353.74512242171704,2024-02-19 22:00:00
BNB,352.00657940672585,2024-02-19 21:00:00
BNB,352.6614643461933,2024-02-19 20:00:00
BNB,352.2526121849807,2024-02-19 19:00:00
BNB,352.37772553762187,2024-02-19 18:00:00
BNB,351.9037948364995,2024-02-19 17:00:00
BNB,354.1486170611379,2024-02-19 16:00:00
BNB,351.5612785955093,2024-02-19 15:00:00
BNB,352.50219183793274,2024-02-19 14:00:00
BNB,353.656643806402,2024-02-19 13:00:00
BNB,353.0613648865392,2024-02-19 12:00:00
BNB,352.6096292313851,2024-02-19 11:00:00
BNB,351.46113804552846,2024-02-19 10:00:00
BNB,350.6454136552089,2024-02-19 09:00:00
BNB,353.5493426799012,2024-02-19 08:00:00
BNB,352.01782526172315,2024-02-19 07:00:00
BNB,351.5233212171909,2024-02-19 06:00:00
BNB,352.001174775801,2024-02-19 05:00:00
BNB,352.53012246271163,2024-02-19 04:00:00
BNB,352.5969915177686,2024-02-19 03:00:00
BNB,350.90353517092086,2024-02-19 02:00:00
BNB,352.2367235756124,2024-02-19 01:00:00
BNB,349.8773276148213,2024-02-19 00:00:00
BNB,353.36504220981595,2024-02-18 23:00:00
BNB,350.71381742222235,2024-02-18 22:00:00
BNB,350.1936366816619,2024-02-18 21:00:00
BNB,351.6164391874873,2024-02-18 20:00:00
BNB,351.4968894080304,2024-02-18 19:00:00
BNB,351.0980399907182,2024-02-18 18:00:00
BNB,351.14131686821906,2024-02-18 17:00:00
BNB,353.0115678230419,2024-02-18 16:00:00
BNB,353.68204710231976,2024-02-18 15:00:00
BNB,352.1879431598074,2024-02-18 14:00:00
BNB,352.3745088320722,2024-02-18 13:00:00
BNB,355.0386081410056,2024-02-18 12:00:00
BNB,355.6461730248345,2024-02-18 11:00:00
BNB,357.21460355777447,2024-02-18 10:00:00
BNB,356.8690970941815,2024-02-18 09:00:00
BNB,355.27941755047704,2024-02-18 08:00:00
BNB,353.6831418930082,2024-02-18 07:00:00
BNB,355.4123274344217,2024-02-18 06:00:00
BNB,353.2154257168057,2024-02-18 05:00:00
BNB,351.8784058027944,2024-02-18 04:00:00
BNB,351.30658856591816,2024-02-18 03:00:00
BNB,350.1319713155237,2024-02-18 02:00:00
BNB,351.319393926996,2024-02-18 01:00:00
BNB,352.82914719992834,2024-02-18 00:00:00
BNB,352.56584955090693,2024-02-17 23:00:00
BNB,353.69820762627444,2024-02-17 22:00:00
BNB,353.03101618829805,2024-02-17 21:00:00
BNB,353.5954063023831,2024-02-17 20:00:00
BNB,353.3699723830412,2024-02-17 19:00:00
BNB,354.2285064564033,2024-02-17 18:00:00
BNB,351.38642504510744,2024-02-17 17:00:00
BNB,351.44139414245694,2024-02-17 16:00:00
BNB,350.138198699385,2024-02-17 15:00:00
BNB,354.55858414047697,2024-02-17 14:00:00
BNB,358.59174180516914,2024-02-17 13:00:00
BNB,357.620899943785,2024-02-17 12:00:00
BNB,355.8227407042185,2024-02-17 11:00:00
BNB,355.92354396385554,2024-02-17 10:00:00
BNB,357.2788856084002,2024-02-17 09:00:00
BNB,360.0035930236119,2024-02-17 08:00:00
BNB,358.6232384214087,2024-02-17 07:00:00
BNB,357.37636045794267,2024-02-17 06:00:00
BNB,359.82825752652843,2024-02-17 05:00:00
BNB,360.4690757832662,2024-02-17 04:00:00
BNB,360.9184536315433,2024-02-17 03:00:00
BNB,359.21911327641465,2024-02-17 02:00:00
BNB,362.50191419116646,2024-02-17 01:00:00
BNB,360.8082276614738,2024-02-17 00:00:00
BNB,359.08403708420457,2024-02-16 23:00:00
BNB,358.84243284244667,2024-02-16 22:00:00
BNB,357.73991226591846,2024-02-16 21:00:00
BNB,354.7056426439761,2024-02-16 20:00:00
BNB,356.2401068437953,2024-02-16 19:00:00
BNB,356.1722336969514,2024-02-16 18:00:00
BNB,358.974338316818,2024-02-16 17:00:00
BNB,357.7728213720528,2024-02-16 16:00:00
BNB,357.82741345641625,2024-02-16 15:00:00
BNB,362.7259634349857,2024-02-16 14:00:00
BNB,361.4316038970933,2024-02-16 13:00:00
BNB,356.0788976075219,2024-02-16 12:00:00
BNB,356.7485200766999,2024-02-16 11:00:00
BNB,353.186345731523,2024-02-16 10:00:00
BNB,355.0643142906741,2024-02-16 09:00:00
BNB,355.0695118081599,2024-02-16 08:00:00
BNB,358.7397303885399,2024-02-16 07:00:00
BNB,363.43257927435593,2024-02-16 06:00:00
BNB,361.69846267002765,2024-02-16 05:00:00
BNB,362.0519130134331,2024-02-16 04:00:00
BNB,361.657018348812,2024-02-16 03:00:00
BNB,360.9952603461357,2024-02-16 02:00:00
BNB,355.4479813208071,2024-02-16 01:00:00
BNB,354.77456683512946,2024-02-16 00:00:00
BNB,351.71664136798927,2024-02-15 23:00:00
BNB,352.6966498680424,2024-02-15 22:00:00
BNB,352.9759174854788,2024-02-15 21:00:00
BNB,356.198054045585,2024-02-15 20:00:00
BNB,355.7730854010976,2024-02-15 19:00:00
BNB,354.81109921153023,2024-02-15 18:00:00
BNB,356.493752564772,2024-02-15 17:00:00
BNB,360.6007388421798,2024-02-15 16:00:00
BNB,361.0348479760879,2024-02-15 15:00:00
BNB,352.3216963760271,2024-02-15 14:00:00
BNB,348.0747442735612,2024-02-15 13:00:00
BNB,347.448552205778,2024-02-15 12:00:00
BNB,347.4554238409144,2024-02-15 11:00:00
BNB,345.1233301997423,2024-02-15 10:00:00
BNB,343.829709227621,2024-02-15 09:00:00
BNB,344.1075636991838,2024-02-15 08:00:00
BNB,343.37011653499286,2024-02-15 07:00:00
BNB,339.3444350235891,2024-02-15 06:00:00
BNB,340.89065381689386,2024-02-15 05:00:00
BNB,342.1448253596702,2024-02-15 04:00:00
BNB,342.90934427756383,2024-02-15 03:00:00
BNB,337.7458985937665,2024-02-15 02:00:00
BNB,337.5908886218483,2024-02-15 01:00:00
BNB,334.0219322554905,2024-02-15 00:00:00
BNB,334.07750456270946,2024-02-14 23:00:00
BNB,334.2748364280214,2024-02-14 22:00:00
BNB,333.7623141556901,2024-02-14 21:00:00
BNB,332.9300187557778,2024-02-14 20:00:00
BNB,332.6041481527925,2024-02-14 19:00:00
BNB,333.4570420481471,2024-02-14 18:00:00
BNB,332.2438684073352,2024-02-14 17:00:00
BNB,331.540704778399,2024-02-14 16:00:00
BNB,333.429389255092,2024-02-14 15:00:00
BNB,333.66923044674905,2024-02-14 14:00:00
BNB,333.3831667615939,2024-02-14 13:00:00
BNB,333.71849992521044,2024-02-14 12:00:00
BNB,331.0625979610884,2024-02-14 11:00:00
BNB,331.7158337395558,2024-02-14 10:00:00
BNB,331.80905085022613,2024-02-14 09:00:00
BNB,328.2771840390224,2024-02-14 08:00:00
BNB,327.5163542973588,2024-02-14 07:00:00
BNB,326.0134565943662,2024-02-14 06:00:00
BNB,325.7509050935322,2024-02-14 05:00:00
BNB,326.15987860397604,2024-02-14 04:00:00
BNB,325.6613910324949,2024-02-14 03:00:00
BNB,325.0411878834306,2024-02-14 02:00:00
BNB,324.268548385,2024-02-14 01:00:00
BNB,325.11173255625624,2024-02-14 00:00:00
BNB,324.96879069661674,2024-02-13 23:00:00
BNB,323.8578950412005,2024-02-13 22:00:00
BNB,323.6880252574361,2024-02-13 21:00:00
BNB,322.24095045914737,2024-02-13 20:00:00
BNB,323.3107919373704,2024-02-13 19:00:00
BNB,322.4263985005409,2024-02-13 18:00:00
BNB,320.8748269040238,2024-02-13 17:00:00
BNB,322.31281131073024,2024-02-13 16:00:00
BNB,321.1509150615868,2024-02-13 15:00:00
BNB,323.62466770790843,2024-02-13 14:00:00
BNB,326.05856575599404,2024-02-13 13:00:00
BNB,326.2936681648544,2024-02-13 12:00:00
BNB,325.710662241753,2024-02-13 11:00:00
BNB,328.40115037112656,2024-02-13 10:00:00
BNB,326.71281380433345,2024-02-13 09:00:00
BNB,326.4843272672786,2024-02-13 08:00:00
BNB,326.7423888477134,2024-02-13 07:00:00
BNB,326.6587668102578,2024-02-13 06:00:00
BNB,326.4445485003094,2024-02-13 05:00:00
BNB,326.65071220254663,2024-02-13 04:00:00
BNB,328.2650103981302,2024-02-13 03:00:00
BNB,328.78174701476604,2024-02-13 02:00:00
BNB,328.1987971699476,2024-02-13 01:00:00
BNB,327.58858470692826,2024-02-13 00:00:00
BNB,328.6102026985772,2024-02-12 23:00:00
BNB,327.52788966258663,2024-02-12 22:00:00
BNB,327.6528005581266,2024-02-12 21:00:00
BNB,325.2433839418306,2024-02-12 20:00:00
BNB,325.0657189972408,2024-02-12 19:00:00
BNB,323.70570544843883,2024-02-12 18:00:00
BNB,322.4638787077234,2024-02-12 17:00:00
BNB,323.06525597097345,2024-02-12 16:00:00
BNB,320.25468048668245,2024-02-12 15:00:00
BNB,317.9990659133604,2024-02-12 14:00:00
BNB,317.6934948619678,2024-02-12 13:00:00
BNB,317.1549365093786,2024-02-12 12:00:00
BNB,317.1157116337967,2024-02-12 11:00:00
BNB,315.9347090560928,2024-02-12 10:00:00
BNB,317.6235325894588,2024-02-12 09:00:00
BNB,318.18749415215007,2024-02-12 08:00:00
BNB,317.30231826289764,2024-02-12 07:00:00
BNB,319.6024959636504,2024-02-12 06:00:00
BNB,319.7946867492535,2024-02-12 05:00:00
BNB,320.0193677227531,2024-02-12 04:00:00
BNB,319.03751986332685,2024-02-12 03:00:00
BNB,321.3688473038402,2024-02-12 02:00:00
BNB,321.1812353364498,2024-02-12 01:00:00
BNB,320.9036996117738,2024-02-12 00:00:00
BNB,320.8526806548932,2024-02-11 23:00:00
BNB,320.8535950232292,2024-02-11 22:00:00
BNB,320.34933418633045,2024-02-11 21:00:00
BNB,321.9845981290462,2024-02-11 20:00:00
BNB,321.806777232849,2024-02-11 19:00:00
